hs_code,hs_short_name,hs_name,hs_section,hs_section_name,is_special,year,tr_to_france_usd,tr_to_world_usd,fr_from_world_usd,tr_from_world_usd,tr_share_in_france_pct,france_share_of_tr_exports_pct,tr_export_weight_pct,fr_import_weight_pct,tr_net_export_ratio,low_supply_confidence
01,Live animals,Live animals,I,Live animals and animal products,False,2020,269767.0,83406467.0,329637180.764,446859435.0,0.08183755223690517,0.32343655078928113,0.04916154652687062,0.05639903324751607,-0.6854164422588123,True
01,Live animals,Live animals,I,Live animals and animal products,False,2021,347756.0,106121167.0,371095200.674,310235425.0,0.09371072419378901,0.3276971124902914,0.0471200507838153,0.05122238960588004,-0.4902390449002426,True
01,Live animals,Live animals,I,Live animals and animal products,False,2022,275673.0,129006111.0,400612467.553,180905402.0,0.06881288585047074,0.21368987706326562,0.05075588742805353,0.04769987576341724,-0.16746486923833642,False
01,Live animals,Live animals,I,Live animals and animal products,False,2023,222351.0,64719283.0,426970491.602,1195976533.0,0.052076432534186506,0.3435622115900141,0.02531781634325909,0.05310787406272385,-0.8973276786063356,True
01,Live animals,Live animals,I,Live animals and animal products,False,2024,245509.0,76471098.0,412189098.277,736111872.0,0.059562225450953736,0.3210480906132667,0.029212179696845073,0.05408989291452687,-0.8117826712514047,True
02,Meat,Meat and edible meat offal,I,Live animals and animal products,False,2020,830491.0,569937558.0,4546012562.809,74285855.0,0.01826855928191356,0.14571613825807914,0.3359333248706965,0.7777967069104701,0.7693785928888617,False
02,Meat,Meat and edible meat offal,I,Live animals and animal products,False,2021,1624979.0,878930223.0,5570389567.171,76364636.0,0.029171729919515638,0.1848814567388019,0.39026367607877993,0.7688826590802994,0.8401234230864839,False
02,Meat,Meat and edible meat offal,I,Live animals and animal products,False,2022,2859036.0,1148986167.0,6717588083.014,140579967.0,0.04256045420869611,0.2488311941530972,0.452054651493546,0.7998455937899341,0.781973233797717,False
02,Meat,Meat and edible meat offal,I,Live animals and animal products,False,2023,2677514.0,846240824.0,7175912355.599,358424752.0,0.03731252372265768,0.31640094924089834,0.33104460944352926,0.89256156376618,0.404938998605535,False
02,Meat,Meat and edible meat offal,I,Live animals and animal products,False,2024,5412950.0,674958624.0,7158670189.88,626283985.0,0.07561390392942152,0.80196767735499,0.25783613846139997,0.939403069124381,0.037406275096852445,False
03,Fish and seafood,"Fish and crustaceans, molluscs and other aquatic invertebrates",I,Live animals and animal products,False,2020,14681645.0,1014566170.0,4983163539.636,149433324.0,0.2946249883878472,1.4470859993291518,0.5980068904134728,0.8525907347537717,0.7432415997253002,False
03,Fish and seafood,"Fish and crustaceans, molluscs and other aquatic invertebrates",I,Live animals and animal products,False,2021,17003767.0,1299704705.0,6280326500.895,206813910.0,0.27074654474694615,1.3082792525552949,0.5770964778738598,0.8668754818081801,0.7254412817195757,False
03,Fish and seafood,"Fish and crustaceans, molluscs and other aquatic invertebrates",I,Live animals and animal products,False,2022,20343631.0,1549743309.0,6593514902.115,304590197.0,0.30854000183535457,1.3127097166257227,0.609727681303277,0.7850725255661616,0.6714828308775649,False
03,Fish and seafood,"Fish and crustaceans, molluscs and other aquatic invertebrates",I,Live animals and animal products,False,2023,24185563.0,1624100637.0,6102630467.745,273949705.0,0.3963137392609793,1.4891665238599372,0.6353389553239659,0.7590635341480466,0.7113356806844905,False
03,Fish and seafood,"Fish and crustaceans, molluscs and other aquatic invertebrates",I,Live animals and animal products,False,2024,26799945.0,1907561501.0,6007389422.746,275996621.0,0.4461163263118315,1.4049321600352427,0.7286939877598659,0.7883251932922943,0.7472046947418055,False
04,"Dairy, eggs and honey",Dairy produce; birds' eggs; natural honey; edible products of animal origin,I,Live animals and animal products,False,2020,497029.0,612868443.0,4308030224.998,121894956.0,0.011537268172259184,0.08109880769305657,0.361237702052471,0.7370792922322591,0.6682062384547274,False
04,"Dairy, eggs and honey",Dairy produce; birds' eggs; natural honey; edible products of animal origin,I,Live animals and animal products,False,2021,296650.0,858579585.0,4990272593.409,109919960.0,0.005944565040230593,0.03455125246193688,0.3812275608234412,0.6888089270755429,0.7730097849452268,False
04,"Dairy, eggs and honey",Dairy produce; birds' eggs; natural honey; edible products of animal origin,I,Live animals and animal products,False,2022,119323.0,977568721.0,6329302440.386,134713990.0,0.0018852472468154477,0.012206098398682296,0.3846125394498736,0.7536134407388713,0.7577702347294689,False
04,"Dairy, eggs and honey",Dairy produce; birds' eggs; natural honey; edible products of animal origin,I,Live animals and animal products,False,2023,203881.0,759270743.0,6332469330.797,171689751.0,0.003219612908481938,0.02685221337443263,0.2970224071562084,0.7876515832843868,0.6311556674928034,False
04,"Dairy, eggs and honey",Dairy produce; birds' eggs; natural honey; edible products of animal origin,I,Live animals and animal products,False,2024,2525067.0,915474028.0,6663103645.997,151130663.0,0.03789625877299668,0.2758207139438367,0.34971371554950836,0.8743718943487685,0.7166135415018534,False
05,Other animal products,"Products of animal origin, not elsewhere specified or included",I,Live animals and animal products,False,2020,8286415.0,79218702.0,467030547.115,52550079.0,1.7742768757178493,10.460175174291546,0.0466931887208614,0.07990625114950968,0.20238954020527822,False
05,Other animal products,"Products of animal origin, not elsewhere specified or included",I,Live animals and animal products,False,2021,10730901.0,98416503.0,549135581.767,69607652.0,1.9541441779223763,10.903558522090547,0.04369901642078164,0.07579736052806246,0.1714566039626862,False
05,Other animal products,"Products of animal origin, not elsewhere specified or included",I,Live animals and animal products,False,2022,10536976.0,102998345.0,659664362.848,82426833.0,1.5973238200269326,10.230238165477319,0.040523447793072535,0.07854450548082491,0.11094238777001471,False
05,Other animal products,"Products of animal origin, not elsewhere specified or included",I,Live animals and animal products,False,2023,10064150.0,96737479.0,566112788.065,69938904.0,1.7777641155925368,10.403568610672602,0.03784315297238203,0.07041481143356997,0.160782076726491,False
05,Other animal products,"Products of animal origin, not elsewhere specified or included",I,Live animals and animal products,False,2024,9672490.0,92778933.0,478038085.056,81928093.0,2.023372258900023,10.425308512655562,0.03544181963854565,0.06273098667051122,0.06210877861317381,False
06,Live plants and flowers,"Live trees and other plants; bulbs, roots; cut flowers and ornamental foliage",II,Vegetable products,False,2020,301456.0,106768498.0,1579238343.904,41498755.0,0.019088695583136445,0.28234545361872565,0.06293162473877587,0.27019863371347297,0.44021684950216217,False
06,Live plants and flowers,"Live trees and other plants; bulbs, roots; cut flowers and ornamental foliage",II,Vegetable products,False,2021,710762.0,148886707.0,2059038264.189,53222964.0,0.034519125378175045,0.47738445850642663,0.06610885832865962,0.28420971219823526,0.47332590531998836,False
06,Live plants and flowers,"Live trees and other plants; bulbs, roots; cut flowers and ornamental foliage",II,Vegetable products,False,2022,700743.0,138248542.0,1821981667.485,47535229.0,0.03846048577246561,0.5068718916399133,0.05439220964380928,0.21693857835505467,0.48827361244594397,False
06,Live plants and flowers,"Live trees and other plants; bulbs, roots; cut flowers and ornamental foliage",II,Vegetable products,False,2023,790167.0,135225469.0,1778939842.354,67580710.0,0.04441785951313584,0.5843329705885509,0.0528994363097792,0.2212698886014902,0.333543875899363,False
06,Live plants and flowers,"Live trees and other plants; bulbs, roots; cut flowers and ornamental foliage",II,Vegetable products,False,2024,521494.0,141231699.0,1651481337.869,75642829.0,0.031577347442079684,0.369247133393191,0.05395091580977083,0.21671715503655342,0.30242772447670757,False
07,Vegetables,Edible vegetables and certain roots and tubers,II,Vegetable products,False,2020,20948288.0,1434771489.0,3593326729.3,630446283.0,0.5829775463830655,1.4600435094093231,0.845684847338048,0.6147976184157186,0.389462659533999,False
07,Vegetables,Edible vegetables and certain roots and tubers,II,Vegetable products,False,2021,21863543.0,1748932455.0,3905126177.478,733913824.0,0.5598677739555106,1.2501079122578236,0.7765631346389431,0.5390258191418152,0.4088125147275781,False
07,Vegetables,Edible vegetables and certain roots and tubers,II,Vegetable products,False,2022,24295376.0,2107567347.0,4022739382.738,932309823.0,0.6039510315844479,1.1527686664240202,0.8291967735650401,0.4789770272434734,0.38661349070232337,False
07,Vegetables,Edible vegetables and certain roots and tubers,II,Vegetable products,False,2023,27677510.0,2445992581.0,4682547052.166,1266410794.0,0.5910780968489627,1.1315451328427393,0.9568584210479016,0.5824292873405819,0.3177407376966411,False
07,Vegetables,Edible vegetables and certain roots and tubers,II,Vegetable products,False,2024,27341630.0,2474579731.0,4781606321.72,1094979359.0,0.5718084710529848,1.1048999414923277,0.9452965848109378,0.6274706802833735,0.3864904144225835,False
08,Fruit and nuts,Edible fruit and nuts; peel of citrus fruit or melons,II,Vegetable products,False,2020,197258931.0,4830425328.0,6287870609.884,904029150.0,3.1371340671343595,4.0836762315022375,2.8471554790475215,1.0758186402425884,0.684702650106206,False
08,Fruit and nuts,Edible fruit and nuts; peel of citrus fruit or melons,II,Vegetable products,False,2021,229736875.0,5367314161.0,6859882876.237,918572290.0,3.3489912166841913,4.280294913037046,2.383201419552906,0.9468718342331697,0.7077350037546837,False
08,Fruit and nuts,Edible fruit and nuts; peel of citrus fruit or melons,II,Vegetable products,False,2022,179061073.0,4943155761.0,6370577909.951,1074380440.0,2.8107508538637003,3.6224040199731835,1.9448245931903978,0.7585280026404346,0.6429168336963362,False
08,Fruit and nuts,Edible fruit and nuts; peel of citrus fruit or melons,II,Vegetable products,False,2023,208326827.0,5369062835.0,6792426545.751,1264136406.0,3.0670457103480753,3.8801338967753023,2.1003469212096806,0.8448624452209258,0.6188456399179643,False
08,Fruit and nuts,Edible fruit and nuts; peel of citrus fruit or melons,II,Vegetable products,False,2024,249739231.0,6295114137.0,7043832116.878,1447252612.0,3.545502318284817,3.967191468890757,2.4047517322452174,0.924333337544497,0.6261472340645898,False
09,"Coffee, tea and spices","Coffee, tea, mate and spices",II,Vegetable products,False,2020,10939986.0,257132120.0,3431995080.328,343748662.0,0.31876461777895243,4.254616653882059,0.15155914326083228,0.5871946974916898,-0.14414929649056407,False
09,"Coffee, tea and spices","Coffee, tea, mate and spices",II,Vegetable products,False,2021,9524071.0,271280419.0,3715182189.04,373912683.0,0.25635542257110716,3.5107845362034777,0.12045426451006418,0.5128077894788202,-0.15907216565374874,False
09,"Coffee, tea and spices","Coffee, tea, mate and spices",II,Vegetable products,False,2022,7620794.0,285673271.0,3868237197.159,530759243.0,0.19700948032858584,2.6676608467160374,0.11239467860619276,0.460580857243298,-0.3001913419631399,True
09,"Coffee, tea and spices","Coffee, tea, mate and spices",II,Vegetable products,False,2023,8273738.0,319671922.0,3876798428.246,621019712.0,0.21341677038760384,2.5881966574468183,0.125053842319184,0.48220784982436926,-0.320347050093995,True
09,"Coffee, tea and spices","Coffee, tea, mate and spices",II,Vegetable products,False,2024,9507933.0,378310829.0,3997504747.904,660083421.0,0.23784669686722115,2.5132595398161333,0.1445158263323279,0.5245762312571703,-0.27135415281816133,True
10,Cereals,Cereals,II,Vegetable products,False,2020,4177044.0,289969935.0,1054398332.927,3281062555.0,0.3961542682265596,1.4405093410804812,0.17091445020559556,0.18040151446826672,-0.8375988256550418,True
10,Cereals,Cereals,II,Vegetable products,False,2021,2194413.0,416431868.0,1087004224.593,4248703112.0,0.20187713629371035,0.5269560685975166,0.18490458899833875,0.150039541859376,-0.821470602764853,True
10,Cereals,Cereals,II,Vegetable products,False,2022,5019173.0,688542028.0,1216040143.192,5368585589.0,0.41274731168208856,0.7289566643562969,0.2708984976893977,0.14479071035379748,-0.7726506451448932,True
10,Cereals,Cereals,II,Vegetable products,False,2023,4837539.0,1733189035.0,1225071942.302,5075797250.0,0.39487795230294065,0.2791120242691819,0.6780137177397416,0.15237813317131435,-0.49091128621652086,True
10,Cereals,Cereals,II,Vegetable products,False,2024,5102471.0,1144787532.0,1146205885.638,2712447538.0,0.4451618216181003,0.44571336229402614,0.437312134572617,0.15041191984775817,-0.4064206556122596,True
11,Milling products,Products of the milling industry; malt; starches; inulin; wheat gluten,II,Vegetable products,False,2020,2512069.0,1187771130.0,616571384.738,131694355.0,0.40742549235681036,0.21149436423833606,0.7000975796129657,0.10549183179734073,0.8003822661568143,False
11,Milling products,Products of the milling industry; malt; starches; inulin; wheat gluten,II,Vegetable products,False,2021,3325135.0,1439693364.0,708902726.911,175765228.0,0.46905377476668353,0.23096133406919003,0.6392544140115033,0.09785007082968218,0.7823958733818168,False
11,Milling products,Products of the milling industry; malt; starches; inulin; wheat gluten,II,Vegetable products,False,2022,2021810.0,1900506528.0,882930341.912,287237896.0,0.22898861937644344,0.1063826916778683,0.7477312093490585,0.10512820001385033,0.7374118358168879,False
11,Milling products,Products of the milling industry; malt; starches; inulin; wheat gluten,II,Vegetable products,False,2023,2209741.0,1876031915.0,999815453.448,244484759.0,0.22101488753543536,0.11778802814236772,0.7338930420175184,0.12436005352139609,0.7694101989409775,False
11,Milling products,Products of the milling industry; malt; starches; inulin; wheat gluten,II,Vegetable products,False,2024,2956930.0,1526121527.0,895762964.077,232017634.0,0.3301018370464601,0.1937545567431079,0.582982819024615,0.1175473174964067,0.7360645401152065,False
12,Oil seeds and grains,"Oil seeds and oleaginous fruits; miscellaneous grains, seeds and fruit; industrial or medicinal plants; straw and fodder",II,Vegetable products,False,2020,9659877.0,446383559.0,2204958010.735,2383436554.0,0.43809800245493014,2.164030642535381,0.2631079686495844,0.37725568416947636,-0.6845145336628682,True
12,Oil seeds and grains,"Oil seeds and oleaginous fruits; miscellaneous grains, seeds and fruit; industrial or medicinal plants; straw and fodder",II,Vegetable products,False,2021,12961993.0,579045559.0,2572206955.308,2593948726.0,0.5039249650286367,2.238510044422947,0.257108519605921,0.35504255127105433,-0.6350163240208925,True
12,Oil seeds and grains,"Oil seeds and oleaginous fruits; miscellaneous grains, seeds and fruit; industrial or medicinal plants; straw and fodder",II,Vegetable products,False,2022,10837414.0,701423330.0,2677757748.651,3306096549.0,0.40471973259939853,1.5450603845754605,0.27596648950134184,0.31883359176354736,-0.6499464251316319,True
12,Oil seeds and grains,"Oil seeds and oleaginous fruits; miscellaneous grains, seeds and fruit; industrial or medicinal plants; straw and fodder",II,Vegetable products,False,2023,14152161.0,639716875.0,2695555190.627,2990012405.0,0.5250184099071677,2.2122538193165533,0.2502536122492834,0.33528126277724646,-0.647512623861579,True
12,Oil seeds and grains,"Oil seeds and oleaginous fruits; miscellaneous grains, seeds and fruit; industrial or medicinal plants; straw and fodder",II,Vegetable products,False,2024,18935697.0,714242637.0,2224948654.328,2751012055.0,0.8510622015104046,2.6511574665347233,0.27284274457772906,0.29197093022592807,-0.5877690383630826,True
13,Gums and resins,"Lac; gums, resins and other vegetable saps and extracts",II,Vegetable products,False,2020,1577415.0,28924580.0,404492977.076,60004907.0,0.38997339617681925,5.453545047153666,0.01704876296271117,0.06920643117266798,-0.3494940547672337,True
13,Gums and resins,"Lac; gums, resins and other vegetable saps and extracts",II,Vegetable products,False,2021,1146499.0,36850066.0,439254655.561,78105356.0,0.26101009641792716,3.111253586357213,0.0163622115209772,0.06063046103123202,-0.35888076684195025,True
13,Gums and resins,"Lac; gums, resins and other vegetable saps and extracts",II,Vegetable products,False,2022,233654.0,47585477.0,512350528.253,82912872.0,0.045604324991467764,0.4910195604427796,0.018721927938919348,0.06100423357831736,-0.2707114325254797,True
13,Gums and resins,"Lac; gums, resins and other vegetable saps and extracts",II,Vegetable products,False,2023,33425.0,16184173.0,453957697.96,81252228.0,0.007363020860799504,0.2065289341630246,0.006331156661323528,0.05646462396641834,-0.667800271071178,True
13,Gums and resins,"Lac; gums, resins and other vegetable saps and extracts",II,Vegetable products,False,2024,153315.0,18734205.0,487563960.704,85133488.0,0.03144510512602828,0.8183693943778239,0.007156520270410312,0.0639810284495666,-0.6392679098013663,True
14,Other vegetable products,Vegetable plaiting materials; vegetable products not elsewhere specified,II,Vegetable products,False,2020,149814.0,13389657.0,45927133.493,13951089.0,0.3261993262062261,1.1188785493160878,0.007892148765686707,0.007857869439458874,-0.02053462623148615,False
14,Other vegetable products,Vegetable plaiting materials; vegetable products not elsewhere specified,II,Vegetable products,False,2021,118095.0,33306758.0,73934614.775,16018688.0,0.1597289718211019,0.35456768263065414,0.014788907555118072,0.010205218597511872,0.3504898871061399,False
14,Other vegetable products,Vegetable plaiting materials; vegetable products not elsewhere specified,II,Vegetable products,False,2022,115117.0,38279010.0,69021371.57,16385943.0,0.16678457321476264,0.30073139300102064,0.015060411536763055,0.008218193679841217,0.40049548748354363,False
14,Other vegetable products,Vegetable plaiting materials; vegetable products not elsewhere specified,II,Vegetable products,False,2023,130700.0,33950770.0,54227679.723,14940663.0,0.24102082306974534,0.3849691774295546,0.013281348614017103,0.006745001919540891,0.3888228639156476,False
14,Other vegetable products,Vegetable plaiting materials; vegetable products not elsewhere specified,II,Vegetable products,False,2024,498802.0,32955166.0,54658788.817,16550254.0,0.9125741912613737,1.5135775677779926,0.01258896833325656,0.007172649753008374,0.3313760796292608,False
15,Fats and oils,Animal or vegetable fats and oils and their cleavage products; prepared edible fats; animal or vegetable waxes,III,Animal and vegetable fats and oils,False,2020,10198945.0,1386488943.0,2363254233.951,1636115215.0,0.4315635979184906,0.7355951197080697,0.8172260872803325,0.40433926113559276,-0.0825864913006581,False
15,Fats and oils,Animal or vegetable fats and oils and their cleavage products; prepared edible fats; animal or vegetable waxes,III,Animal and vegetable fats and oils,False,2021,1020429.0,2080808276.0,3146559852.743,2499341957.0,0.03242998855116153,0.04904002986577895,0.9239230438966353,0.43432066597113184,-0.0913799023412951,False
15,Fats and oils,Animal or vegetable fats and oils and their cleavage products; prepared edible fats; animal or vegetable waxes,III,Animal and vegetable fats and oils,False,2022,15333578.0,3538967264.0,4162457347.545,4104937772.0,0.36837802095542627,0.4332783226332777,1.3923636847183976,0.4956128788531832,-0.07404206427663422,False
15,Fats and oils,Animal or vegetable fats and oils and their cleavage products; prepared edible fats; animal or vegetable waxes,III,Animal and vegetable fats and oils,False,2023,18930774.0,2978874330.0,3693754184.755,3215508837.0,0.5125076833247809,0.635500927627249,1.165318738104515,0.45944025622614915,-0.03820146423305686,False
15,Fats and oils,Animal or vegetable fats and oils and their cleavage products; prepared edible fats; animal or vegetable waxes,III,Animal and vegetable fats and oils,False,2024,3326398.0,2869700831.0,3665446136.775,2876922633.0,0.09075015362050014,0.11591445226856122,1.0962339830841403,0.48100153509855453,-0.0012567035312547146,False
16,Prepared meat and fish,"Preparations of meat, fish or crustaceans, molluscs or other aquatic invertebrates",IV,"Prepared foodstuffs, beverages and tobacco",False,2020,7835285.0,128265926.0,2452045427.56,16143113.0,0.31954077652618346,6.108625450534697,0.07560266626400977,0.4195309257070291,0.7764251723882741,False
16,Prepared meat and fish,"Preparations of meat, fish or crustaceans, molluscs or other aquatic invertebrates",IV,"Prepared foodstuffs, beverages and tobacco",False,2021,9071937.0,191289471.0,2661035464.88,18066364.0,0.3409175533257728,4.742517689329592,0.08493658562885163,0.3673035789457392,0.8274099788047464,False
16,Prepared meat and fish,"Preparations of meat, fish or crustaceans, molluscs or other aquatic invertebrates",IV,"Prepared foodstuffs, beverages and tobacco",False,2022,9181376.0,267589947.0,2887835763.622,24217506.0,0.31793276181622165,3.43113637224944,0.10528001442358656,0.3438470300021272,0.834017220937808,False
16,Prepared meat and fish,"Preparations of meat, fish or crustaceans, molluscs or other aquatic invertebrates",IV,"Prepared foodstuffs, beverages and tobacco",False,2023,11507028.0,264421717.0,3214923279.848,23573826.0,0.3579254308222262,4.351771151989003,0.10344027556941926,0.3998818279616373,0.8362903414793471,False
16,Prepared meat and fish,"Preparations of meat, fish or crustaceans, molluscs or other aquatic invertebrates",IV,"Prepared foodstuffs, beverages and tobacco",False,2024,10785609.0,328087076.0,3250191023.747,32488351.0,0.33184538758481197,3.2874226962844464,0.12533020802610242,0.426509301582956,0.8197971987702867,False
17,Sugar and confectionery,Sugars and sugar confectionery,IV,"Prepared foodstuffs, beverages and tobacco",False,2020,7337664.0,670794889.0,968611488.748,234853877.0,0.7575445971102881,1.0938759552772919,0.39538078199092785,0.16572387687338988,0.481357705510306,False
17,Sugar and confectionery,Sugars and sugar confectionery,IV,"Prepared foodstuffs, beverages and tobacco",False,2021,7975679.0,993552163.0,1099854361.268,140476492.0,0.7251577373212396,0.802743861572168,0.44115825052064817,0.15181325034727933,0.7522523061818045,False
17,Sugar and confectionery,Sugars and sugar confectionery,IV,"Prepared foodstuffs, beverages and tobacco",False,2022,10300500.0,1070078784.0,1228712762.633,625466803.0,0.8383163513274764,0.9625926757931124,0.4210095000837008,0.14629960591220342,0.2622235488145563,False
17,Sugar and confectionery,Sugars and sugar confectionery,IV,"Prepared foodstuffs, beverages and tobacco",False,2023,14672159.0,1195278201.0,1539612516.005,408530059.0,0.9529773788843602,1.2275099627622172,0.46758605116220353,0.1915016358591933,0.4905500000355404,False
17,Sugar and confectionery,Sugars and sugar confectionery,IV,"Prepared foodstuffs, beverages and tobacco",False,2024,13049405.0,1292545838.0,1474920887.145,292162840.0,0.8847528781872291,1.0095893403820622,0.4937562330550713,0.1935478477634536,0.6312724931010948,False
18,Cocoa,Cocoa and cocoa preparations,IV,"Prepared foodstuffs, beverages and tobacco",False,2020,1581559.0,653017738.0,3543326522.685,708979385.0,0.044634864720329355,0.24219234914565216,0.38490255089642883,0.6062428694983596,-0.04108793334066389,False
18,Cocoa,Cocoa and cocoa preparations,IV,"Prepared foodstuffs, beverages and tobacco",False,2021,2217291.0,775495630.0,3873110170.347,760407292.0,0.05724833279920226,0.28591921272335213,0.34433652117891655,0.534606639405968,0.009823757598138094,False
18,Cocoa,Cocoa and cocoa preparations,IV,"Prepared foodstuffs, beverages and tobacco",False,2022,2304360.0,942577448.0,3661501915.809,648038126.0,0.06293482983173197,0.2444743405318562,0.37084564810197235,0.4359654295294676,0.185173166171954,False
18,Cocoa,Cocoa and cocoa preparations,IV,"Prepared foodstuffs, beverages and tobacco",False,2023,1397464.0,1020667652.0,4148228397.386,854664699.0,0.03368821256034528,0.1369166542372208,0.3992793949964107,0.5159691258410105,0.08851921789302082,False
18,Cocoa,Cocoa and cocoa preparations,IV,"Prepared foodstuffs, beverages and tobacco",False,2024,3132833.0,1127346330.0,6036431327.047,1426079695.0,0.05189875988422071,0.27789446034742493,0.43064954517246246,0.792136243851956,-0.11699315432488396,False
19,Cereal and bakery preparations,"Preparations of cereals, flour, starch or milk; pastrycooks' products",IV,"Prepared foodstuffs, beverages and tobacco",False,2020,8183462.0,2079037013.0,4157221397.714,211420010.0,0.19684931874208036,0.3936179081387042,1.2254286570570796,0.7112767658173198,0.8153905461862054,False
19,Cereal and bakery preparations,"Preparations of cereals, flour, starch or milk; pastrycooks' products",IV,"Prepared foodstuffs, beverages and tobacco",False,2021,9535902.0,2168272512.0,4652148771.834,263864238.0,0.20497844045173763,0.43979259743528026,0.9627590212854592,0.6421375875047608,0.7830185839673695,False
19,Cereal and bakery preparations,"Preparations of cereals, flour, starch or milk; pastrycooks' products",IV,"Prepared foodstuffs, beverages and tobacco",False,2022,12055308.0,2626928718.0,4905433317.831,282049481.0,0.24575419170778592,0.4589126426383679,1.0335331966741403,0.5840770789174461,0.8060834686922314,False
19,Cereal and bakery preparations,"Preparations of cereals, flour, starch or milk; pastrycooks' products",IV,"Prepared foodstuffs, beverages and tobacco",False,2023,12414568.0,2668974585.0,5620312111.344,302720345.0,0.22088751930595668,0.4651437323446824,1.0440877159880797,0.6990713261765384,0.7962641844935274,False
19,Cereal and bakery preparations,"Preparations of cereals, flour, starch or milk; pastrycooks' products",IV,"Prepared foodstuffs, beverages and tobacco",False,2024,16561098.0,2818342875.0,5718586023.071,351307994.0,0.28960127439171307,0.5876182826051638,1.076615095965053,0.7504267019758787,0.7783301640973254,False
20,Prepared vegetables and fruit,"Preparations of vegetables, fruit, nuts or other parts of plants",IV,"Prepared foodstuffs, beverages and tobacco",False,2020,77513593.0,2364551740.0,4447507034.264,149123996.0,1.742854871343164,3.2781516973699207,1.393717112861319,0.7609429752816612,0.8813498544268877,False
20,Prepared vegetables and fruit,"Preparations of vegetables, fruit, nuts or other parts of plants",IV,"Prepared foodstuffs, beverages and tobacco",False,2021,81431906.0,2695915469.0,4606198948.18,151318040.0,1.76787644033863,3.020565998317657,1.197043694479474,0.6357951186039187,0.8937087249628882,False
20,Prepared vegetables and fruit,"Preparations of vegetables, fruit, nuts or other parts of plants",IV,"Prepared foodstuffs, beverages and tobacco",False,2022,75339172.0,3079430505.0,4696803454.919,248146276.0,1.6040520478049107,2.446529378652109,1.2115645285539538,0.5592360683462395,0.8508546655230432,False
20,Prepared vegetables and fruit,"Preparations of vegetables, fruit, nuts or other parts of plants",IV,"Prepared foodstuffs, beverages and tobacco",False,2023,95464278.0,3114526676.0,5545958759.402,205150690.0,1.7213304703746761,3.0651295664163385,1.2183851662749294,0.6898230326088465,0.8764032359884457,False
20,Prepared vegetables and fruit,"Preparations of vegetables, fruit, nuts or other parts of plants",IV,"Prepared foodstuffs, beverages and tobacco",False,2024,93705949.0,3690929403.0,5605525840.071,282647504.0,1.6716709845514353,2.538817158730684,1.4099456629850549,0.7355902756440568,0.857736487494641,False
21,Misc. edible preparations,Miscellaneous edible preparations,IV,"Prepared foodstuffs, beverages and tobacco",False,2020,7791967.0,809339020.0,2962976778.497,724382569.0,0.26297766005282547,0.962756867943918,0.4770416410005939,0.5069483528974549,0.05539235517666043,False
21,Misc. edible preparations,Miscellaneous edible preparations,IV,"Prepared foodstuffs, beverages and tobacco",False,2021,7312703.0,877811679.0,3526174637.109,817260439.0,0.2073834609052561,0.8330605726652676,0.3897670187994274,0.48671901644731935,0.035721925549364736,False
21,Misc. edible preparations,Miscellaneous edible preparations,IV,"Prepared foodstuffs, beverages and tobacco",False,2022,6350723.0,1040755627.0,3642519295.604,794841563.0,0.17434974215962054,0.6102030904513188,0.4094726601294513,0.43370521873030454,0.13396951430286294,False
21,Misc. edible preparations,Miscellaneous edible preparations,IV,"Prepared foodstuffs, beverages and tobacco",False,2023,7345180.0,1216766957.0,4110842343.555,887881875.0,0.1786782217886758,0.6036636644135956,0.47599233059909263,0.5113189360091339,0.15626601312270608,False
21,Misc. edible preparations,Miscellaneous edible preparations,IV,"Prepared foodstuffs, beverages and tobacco",False,2024,12076490.0,1363090735.0,4102383039.496,866893032.0,0.29437743583991766,0.8859637652808197,0.5207045869005912,0.5383389813759459,0.22251180046370267,False
22,Beverages and spirits,"Beverages, spirits and vinegar",IV,"Prepared foodstuffs, beverages and tobacco",False,2020,6794106.0,338347475.0,4668281474.801,466496612.0,0.1455376252840371,2.0080262162441143,0.19942920174836914,0.7987162173145813,-0.1592223128303855,False
22,Beverages and spirits,"Beverages, spirits and vinegar",IV,"Prepared foodstuffs, beverages and tobacco",False,2021,8145778.0,451995660.0,5432203609.912,484498231.0,0.1499534734879343,1.8021805784595366,0.2006956675595559,0.7498088070662442,-0.03470665565719104,False
22,Beverages and spirits,"Beverages, spirits and vinegar",IV,"Prepared foodstuffs, beverages and tobacco",False,2022,10088860.0,547872328.0,6100620127.49,770391726.0,0.16537433554563732,1.8414618670063585,0.21555371283856176,0.726384837542724,-0.16879728861968954,False
22,Beverages and spirits,"Beverages, spirits and vinegar",IV,"Prepared foodstuffs, beverages and tobacco",False,2023,7616873.0,518175650.0,6796742519.123,878699430.0,0.11206652272863829,1.4699403570970577,0.2027073745586598,0.8453992789712822,-0.2580930715722984,True
22,Beverages and spirits,"Beverages, spirits and vinegar",IV,"Prepared foodstuffs, beverages and tobacco",False,2024,10939648.0,560845336.0,6545092669.927,903834329.0,0.16714275185536853,1.9505641391301505,0.21424453376319313,0.8588857956502642,-0.23417338357052975,False
23,Food residues and fodder,Residues and waste from the food industries; prepared animal fodder,IV,"Prepared foodstuffs, beverages and tobacco",False,2020,230567.0,415413740.0,3331612150.596,1766507431.0,0.006920583476643681,0.055502978789290884,0.24485369829789502,0.570019753274789,-0.6192220456712366,True
23,Food residues and fodder,Residues and waste from the food industries; prepared animal fodder,IV,"Prepared foodstuffs, beverages and tobacco",False,2021,1026302.0,701087341.0,3999863041.976,2047233187.0,0.025658428531917674,0.1463871817363195,0.3112976613969015,0.5521023789424875,-0.4898067136949319,True
23,Food residues and fodder,Residues and waste from the food industries; prepared animal fodder,IV,"Prepared foodstuffs, beverages and tobacco",False,2022,1320601.0,1151186631.0,4099375124.864,2468537808.0,0.032214690282676,0.11471649899659059,0.4529203973268847,0.48810184405403323,-0.36393686845508516,True
23,Food residues and fodder,Residues and waste from the food industries; prepared animal fodder,IV,"Prepared foodstuffs, beverages and tobacco",False,2023,231255.0,1040949845.0,4342671852.151,2662258847.0,0.005325177859926382,0.02221576775392094,0.40721367383278984,0.5401545876260521,-0.43781194549000046,True
23,Food residues and fodder,Residues and waste from the food industries; prepared animal fodder,IV,"Prepared foodstuffs, beverages and tobacco",False,2024,452373.0,1106078449.0,4305610712.404,2683949068.0,0.0105065931459331,0.04089881693373451,0.42252515337226737,0.5650077193673495,-0.4163216789119687,True
24,Tobacco,Tobacco and manufactured tobacco substitutes,IV,"Prepared foodstuffs, beverages and tobacco",False,2020,2158326.0,909214016.0,1988066541.482,665338917.0,0.10856407242742894,0.23738371406716194,0.5359100889678842,0.34014679627900424,0.15488529720963023,False
24,Tobacco,Tobacco and manufactured tobacco substitutes,IV,"Prepared foodstuffs, beverages and tobacco",False,2021,2764843.0,781679062.0,2017732722.137,643848027.0,0.1370272172159516,0.35370564908389474,0.3470820962427327,0.2785082949769216,0.0966877697825355,False
24,Tobacco,Tobacco and manufactured tobacco substitutes,IV,"Prepared foodstuffs, beverages and tobacco",False,2022,1270446.0,841069161.0,1750101935.736,752735093.0,0.07259268583493782,0.15105131170063196,0.3309084455303318,0.20838004722576212,0.05542341086008922,False
24,Tobacco,Tobacco and manufactured tobacco substitutes,IV,"Prepared foodstuffs, beverages and tobacco",False,2023,1762950.0,932836358.0,1793297579.505,922983521.0,0.09830772205060485,0.18898813118516977,0.36492029106933543,0.22305574713606963,0.005309155867706922,False
24,Tobacco,Tobacco and manufactured tobacco substitutes,IV,"Prepared foodstuffs, beverages and tobacco",False,2024,785366.0,990719437.0,1719239731.453,1050412774.0,0.04568100571618683,0.0792722914953772,0.37845767851798306,0.22560881245383899,-0.029245208457493694,False
25,"Salt, stone and cement","Salt; sulphur; earths and stone; plastering materials, lime and cement",V,Mineral products,False,2020,17381054.0,2801317231.0,1236152860.43,390004209.0,1.4060602500206925,0.6204600395720051,1.6511559875606634,0.21149867291310612,0.7555845023245292,False
25,"Salt, stone and cement","Salt; sulphur; earths and stone; plastering materials, lime and cement",V,Mineral products,False,2021,23102124.0,3417599725.0,1556105385.499,540075988.0,1.4846117888469224,0.6759751246176146,1.5174868233474403,0.214789725598902,0.7270741580842603,False
25,"Salt, stone and cement","Salt; sulphur; earths and stone; plastering materials, lime and cement",V,Mineral products,False,2022,35621189.0,3815105828.0,1668897950.355,744019476.0,2.1344138503149837,0.9336880968954343,1.501007048666702,0.1987113016726657,0.6736130611074778,False
25,"Salt, stone and cement","Salt; sulphur; earths and stone; plastering materials, lime and cement",V,Mineral products,False,2023,27635061.0,3237324465.0,1690941226.318,561495514.0,1.634300504942738,0.8536389014685928,1.2664229646735967,0.21032435604115066,0.7043842471588728,False
25,"Salt, stone and cement","Salt; sulphur; earths and stone; plastering materials, lime and cement",V,Mineral products,False,2024,24466162.0,3100551321.0,1507531500.484,550798410.0,1.6229287409347684,0.789090696041409,1.1844195351862525,0.1978272054435982,0.698304215932144,False
26,Ores and slag,"Ores, slag and ash",V,Mineral products,False,2020,5293721.0,1384358990.0,1935884709.442,1229908643.0,0.2734522863980812,0.3823951040329503,0.8159706476570531,0.3312187837492306,0.05907977632066717,False
26,Ores and slag,"Ores, slag and ash",V,Mineral products,False,2021,26518351.0,2166684485.0,3101992269.139,2269095268.0,0.8548812730394241,1.2239138270286731,0.9620539035883832,0.428168988107849,-0.023087436415376056,False
26,Ores and slag,"Ores, slag and ash",V,Mineral products,False,2022,30788572.0,2246031864.0,2365198152.937,1746767701.0,1.3017333013628518,1.3707985400157263,0.8836739559493058,0.28161794050014954,0.12504112837930545,False
26,Ores and slag,"Ores, slag and ash",V,Mineral products,False,2023,14894773.0,2028080151.0,1894342042.514,1284973551.0,0.7862768531617976,0.7344272361551257,0.7933734493385407,0.2356239613845139,0.22429657555849664,False
26,Ores and slag,"Ores, slag and ash",V,Mineral products,False,2024,5497623.0,2367187588.0,1844475339.487,1381153789.0,0.2980589050070489,0.23224281116837286,0.9042724768617453,0.242042970115846,0.26305869712143887,False
27,Mineral fuels and oils,"Mineral fuels, mineral oils and products of their distillation; bituminous substances; mineral waxes",V,Mineral products,False,2020,46230804.0,4715232979.0,41881798743.393,28925039417.0,0.11038399826915998,0.9804564102324498,2.779258657271064,7.165735838171459,-0.7196673722796213,True
27,Mineral fuels and oils,"Mineral fuels, mineral oils and products of their distillation; bituminous substances; mineral waxes",V,Mineral products,False,2021,115598333.0,8506561990.0,79084310480.01,50691986207.0,0.14617100699034305,1.358931294874394,3.7770940924959193,10.916032747828718,-0.7126091010984933,True
27,Mineral fuels and oils,"Mineral fuels, mineral oils and products of their distillation; bituminous substances; mineral waxes",V,Mineral products,False,2022,324042564.0,16411096285.0,168447095581.619,96548874404.0,0.19237052611749492,1.9745333180220264,6.4567464994926285,20.05655385872058,-0.7094351886796637,True
27,Mineral fuels and oils,"Mineral fuels, mineral oils and products of their distillation; bituminous substances; mineral waxes",V,Mineral products,False,2023,227842185.0,16389206844.0,116251292438.954,69113810547.0,0.19599109843844942,1.3901965309774083,6.411364737895458,14.45968543472977,-0.6166402696865498,True
27,Mineral fuels and oils,"Mineral fuels, mineral oils and products of their distillation; bituminous substances; mineral waxes",V,Mineral products,False,2024,163335128.0,16551434986.0,95683442128.818,65589736402.0,0.17070364983327313,0.9868336379181424,6.322695837997257,12.556147554788168,-0.5970002690169086,True
28,Inorganic chemicals,"Inorganic chemicals; organic or inorganic compounds of precious metals, rare-earth metals, radioactive elements or isotopes",VI,Chemical and allied industries,False,2020,31716454.0,1648229264.0,3975579219.215,1528120752.0,0.7977819646180409,1.9242744133197238,0.9715014022723888,0.6801988296434549,0.037813374280222904,False
28,Inorganic chemicals,"Inorganic chemicals; organic or inorganic compounds of precious metals, rare-earth metals, radioactive elements or isotopes",VI,Chemical and allied industries,False,2021,46217964.0,2195170798.0,5199718578.781,2193452457.0,0.8888551043628815,2.105438175567421,0.9747024312398332,0.7177188236320781,0.00039154443208181013,False
28,Inorganic chemicals,"Inorganic chemicals; organic or inorganic compounds of precious metals, rare-earth metals, radioactive elements or isotopes",VI,Chemical and allied industries,False,2022,77585508.0,3548060619.0,7066943789.623,3474629762.0,1.0978650787335462,2.1867018726942447,1.395941354792673,0.8414424614667633,0.010456228740863808,False
28,Inorganic chemicals,"Inorganic chemicals; organic or inorganic compounds of precious metals, rare-earth metals, radioactive elements or isotopes",VI,Chemical and allied industries,False,2023,61545950.0,2901593632.0,6535259211.886,2509482221.0,0.9417522397285074,2.1211085288182767,1.135086967476851,0.8128751986814629,0.07246459329942792,False
28,Inorganic chemicals,"Inorganic chemicals; organic or inorganic compounds of precious metals, rare-earth metals, radioactive elements or isotopes",VI,Chemical and allied industries,False,2024,41930705.0,2992711817.0,6283373330.141,2390595986.0,0.667327927163912,1.4010939764334815,1.1432245340465195,0.8245414349627528,0.111848672421156,False
29,Organic chemicals,Organic chemicals,VI,Chemical and allied industries,False,2020,10292998.0,602028253.0,14648269555.732,5888509343.0,0.07026767196519985,1.7097200918243283,0.35484826338885855,2.5062350059466687,-0.8144904812288526,True
29,Organic chemicals,Organic chemicals,VI,Chemical and allied industries,False,2021,19124929.0,1068281703.0,16583759660.484,9341410731.0,0.11532324027567241,1.7902514801379128,0.47433975256586364,2.289061666431581,-0.7947524944136116,True
29,Organic chemicals,Organic chemicals,VI,Chemical and allied industries,False,2022,14625740.0,1350358855.0,18863399730.115,11119673824.0,0.07753501600589172,1.0831002400469318,0.5312822896572338,2.24601552991639,-0.7834233654777738,True
29,Organic chemicals,Organic chemicals,VI,Chemical and allied industries,False,2023,11376304.0,1138650542.0,14674954685.751,9180697820.0,0.07752190206792323,0.9991040780622577,0.4454336322222301,1.825315005734679,-0.7793173556979682,True
29,Organic chemicals,Organic chemicals,VI,Chemical and allied industries,False,2024,10458928.0,910814945.0,13716315726.061,9453217308.0,0.07625172975661414,1.148304390196408,0.34793393242388204,1.799936126175511,-0.8242354090057269,True
30,Pharmaceuticals,Pharmaceutical products,VI,Chemical and allied industries,False,2020,16304385.0,1826051313.0,28737895612.097,4958182388.0,0.05673479095364516,0.8928766066936915,1.0763135019794412,4.916889309433485,-0.4616779452244285,True
30,Pharmaceuticals,Pharmaceutical products,VI,Chemical and allied industries,False,2021,14639545.0,1905033144.0,34001002934.74,6874838638.0,0.043056215218411305,0.7684666823833486,0.8458751541069213,4.693169343475008,-0.5660453384056036,True
30,Pharmaceuticals,Pharmaceutical products,VI,Chemical and allied industries,False,2022,17661779.0,1898777669.0,32580780153.524,4559581066.0,0.05420919608669859,0.9301657212611762,0.7470510107747212,3.879308038241974,-0.41199374425892743,True
30,Pharmaceuticals,Pharmaceutical products,VI,Chemical and allied industries,False,2023,25598105.0,2199316257.0,36607397772.438,4986408309.0,0.06992604379892038,1.163911962116688,0.8603600425466706,4.553338249133394,-0.3878651382196605,True
30,Pharmaceuticals,Pharmaceutical products,VI,Chemical and allied industries,False,2024,31703855.0,2265803300.0,33070488569.112,5429296986.0,0.09586751321724216,1.399232448818483,0.8655433868270671,4.3397052294970075,-0.41110493280451055,True
31,Fertilisers,Fertilisers,VI,Chemical and allied industries,False,2020,545462.0,375614075.0,1853971589.982,1129054471.0,0.029421270689768,0.14521873281771988,0.22139492881601103,0.31720391826250083,-0.5007351273494355,True
31,Fertilisers,Fertilisers,VI,Chemical and allied industries,False,2021,137263.0,473494592.0,2783633220.446,1995228539.0,0.004931073497463413,0.028989349048362523,0.2102416497257508,0.38422578647901506,-0.6164052695466076,True
31,Fertilisers,Fertilisers,VI,Chemical and allied industries,False,2022,3350931.0,965931109.0,4816780718.059,3031473522.0,0.0695678544683743,0.34691200736552735,0.3800338623622171,0.5735214463854433,-0.5167208735842383,True
31,Fertilisers,Fertilisers,VI,Chemical and allied industries,False,2023,757762.0,511589195.0,2874133612.463,2387376719.0,0.026364884245956573,0.14811923461362395,0.2001307907290284,0.3574933840449305,-0.6470540115498578,True
31,Fertilisers,Fertilisers,VI,Chemical and allied industries,False,2024,1252228.0,533473855.0,2620265483.686,1715923866.0,0.04779011927594666,0.2347309035416553,0.20378854918270783,0.3438467441585782,-0.5256740504184053,True
32,"Dyes, paints and inks","Tanning or dyeing extracts; dyes, pigments, paints, varnishes, putty and inks",VI,Chemical and allied industries,False,2020,13101589.0,891225906.0,3644712191.203,1962058597.0,0.35946841102083277,1.4700637528370948,0.5253075141496094,0.6235893765771897,-0.3752982536000547,True
32,"Dyes, paints and inks","Tanning or dyeing extracts; dyes, pigments, paints, varnishes, putty and inks",VI,Chemical and allied industries,False,2021,19792728.0,1130120635.0,4399179983.205,2425771938.0,0.44991857745224856,1.7513818779178385,0.5017975510299241,0.6072202244514315,-0.364367391984201,True
32,"Dyes, paints and inks","Tanning or dyeing extracts; dyes, pigments, paints, varnishes, putty and inks",VI,Chemical and allied industries,False,2022,19081337.0,1484766681.0,4152252589.93,2751282105.0,0.4595418170434974,1.2851404361491057,0.5841634162412714,0.4943978251295572,-0.29898508916747873,True
32,"Dyes, paints and inks","Tanning or dyeing extracts; dyes, pigments, paints, varnishes, putty and inks",VI,Chemical and allied industries,False,2023,15654495.0,1538892461.0,4067481259.894,2608072979.0,0.3848695052231897,1.017257241602667,0.6020060002769809,0.5059255539942518,-0.25782238445662087,True
32,"Dyes, paints and inks","Tanning or dyeing extracts; dyes, pigments, paints, varnishes, putty and inks",VI,Chemical and allied industries,False,2024,16388397.0,1559888323.0,3909061156.694,2498571046.0,0.41924125366869724,1.0506134803600296,0.5958818323556216,0.5129701397872057,-0.23129040792424896,False
33,Cosmetics and perfumery,"Essential oils and resinoids; perfumery, cosmetic or toilet preparations",VI,Chemical and allied industries,False,2020,25070192.0,953268965.0,5957276829.296,1160537890.0,0.4208330873044668,2.629917989620065,0.5618770133911716,1.0192559382452266,-0.09805480785045519,False
33,Cosmetics and perfumery,"Essential oils and resinoids; perfumery, cosmetic or toilet preparations",VI,Chemical and allied industries,False,2021,32930158.0,1111705235.0,6807146975.027,1261528202.0,0.48375858668556787,2.9621303348454595,0.4936207225259153,0.9395926808701253,-0.06313031186236401,False
33,Cosmetics and perfumery,"Essential oils and resinoids; perfumery, cosmetic or toilet preparations",VI,Chemical and allied industries,False,2022,45974834.0,1344770246.0,7107348713.98,1570365524.0,0.6468633501768178,3.4187872714132017,0.5290835193270174,0.8462533698337231,-0.0773875715572589,False
33,Cosmetics and perfumery,"Essential oils and resinoids; perfumery, cosmetic or toilet preparations",VI,Chemical and allied industries,False,2023,49866504.0,1657014119.0,8302539005.969,2010163366.0,0.6006175215093736,3.0094193783993943,0.6482145227571399,1.032694775405853,-0.09630001505094865,False
33,Cosmetics and perfumery,"Essential oils and resinoids; perfumery, cosmetic or toilet preparations",VI,Chemical and allied industries,False,2024,58565770.0,1815404925.0,8801579995.611,2038243928.0,0.6654006443070953,3.2260444594750672,0.6934899102879044,1.1549954169853058,-0.05782545621055318,False
34,Soap and waxes,"Soap, organic surface-active agents, washing and lubricating preparations, waxes, polishing preparations, candles",VI,Chemical and allied industries,False,2020,14558645.0,1124840892.0,2919935634.936,946408620.0,0.49859472331550564,1.2942848276180914,0.6630051581897679,0.49958425980248966,0.08614716429200539,False
34,Soap and waxes,"Soap, organic surface-active agents, washing and lubricating preparations, waxes, polishing preparations, candles",VI,Chemical and allied industries,False,2021,8128427.0,1015323603.0,3281124016.508,1104949933.0,0.24773300122470945,0.8005750064297481,0.450825232023375,0.4528946006672459,-0.04227111666407178,False
34,Soap and waxes,"Soap, organic surface-active agents, washing and lubricating preparations, waxes, polishing preparations, candles",VI,Chemical and allied industries,False,2022,8066187.0,1296279132.0,3467482815.205,1420475107.0,0.23262370514511463,0.6222569507506351,0.5100052795105725,0.4128640841043745,-0.04571483618839032,False
34,Soap and waxes,"Soap, organic surface-active agents, washing and lubricating preparations, waxes, polishing preparations, candles",VI,Chemical and allied industries,False,2023,10581678.0,1437297790.0,3500166447.351,1425732053.0,0.3023192799304855,0.7362202929429119,0.5622627413500886,0.4353612311404466,0.004039684402269781,False
34,Soap and waxes,"Soap, organic surface-active agents, washing and lubricating preparations, waxes, polishing preparations, candles",VI,Chemical and allied industries,False,2024,12384344.0,1523819302.0,3589949478.404,1357200286.0,0.34497265419751155,0.8127173598434968,0.5821033624434819,0.47109441677892405,0.05783335062836789,False
35,Glues and enzymes,Albuminoidal substances; modified starches; glues; enzymes,VI,Chemical and allied industries,False,2020,709959.0,250994161.0,1053050058.367,460344408.0,0.0674193020891103,0.28285877136400794,0.14794129961138813,0.1801708324148649,-0.2943046477773652,True
35,Glues and enzymes,Albuminoidal substances; modified starches; glues; enzymes,VI,Chemical and allied industries,False,2021,2123931.0,340488421.0,1261987257.275,497758975.0,0.16830051078219196,0.6237894944450989,0.15118408647749873,0.17419250599951247,-0.18761830308149266,False
35,Glues and enzymes,Albuminoidal substances; modified starches; glues; enzymes,VI,Chemical and allied industries,False,2022,4254590.0,494982110.0,1435175500.732,581096946.0,0.29645085202680643,0.8595441964559083,0.19474469898608454,0.17088258261597852,-0.0800264957484685,False
35,Glues and enzymes,Albuminoidal substances; modified starches; glues; enzymes,VI,Chemical and allied industries,False,2023,2706808.0,520359563.0,1470396331.37,620270431.0,0.18408696636763291,0.5201803123199256,0.20356170893445405,0.1828923186136251,-0.0875927062461589,False
35,Glues and enzymes,Albuminoidal substances; modified starches; glues; enzymes,VI,Chemical and allied industries,False,2024,1479082.0,528538690.0,1408788549.397,606276679.0,0.10498963812795663,0.2798436572353861,0.20190330193787842,0.18486957101637488,-0.06850276364207401,False
36,Explosives and matches,Explosives; pyrotechnic products; matches; pyrophoric alloys; certain combustible preparations,VI,Chemical and allied industries,False,2020,1653.0,23003271.0,127021490.577,42841703.0,0.0013013545916452278,0.007185934556872368,0.013558617433546416,0.021732649374070996,-0.3012899967125813,True
36,Explosives and matches,Explosives; pyrotechnic products; matches; pyrophoric alloys; certain combustible preparations,VI,Chemical and allied industries,False,2021,106935.0,30006655.0,139782433.959,59325604.0,0.0765010287568504,0.35637094504535743,0.013323591771775608,0.019294214205146803,-0.3282011372845726,True
36,Explosives and matches,Explosives; pyrotechnic products; matches; pyrophoric alloys; certain combustible preparations,VI,Chemical and allied industries,False,2022,78658.0,56615656.0,155545708.52,70356890.0,0.05056905828416744,0.13893330141754429,0.022274742183348226,0.018520419539751667,-0.10822208763144751,False
36,Explosives and matches,Explosives; pyrotechnic products; matches; pyrophoric alloys; certain combustible preparations,VI,Chemical and allied industries,False,2023,887525.0,66999793.0,165420017.2,83116542.0,0.5365281753821508,1.3246682717363023,0.026209938917437888,0.020575439318884448,-0.107361727156475,False
36,Explosives and matches,Explosives; pyrotechnic products; matches; pyrophoric alloys; certain combustible preparations,VI,Chemical and allied industries,False,2024,2788191.0,76022522.0,192256158.012,247105697.0,1.4502479550360985,3.6675855084102578,0.029040822372804923,0.02522899087456943,-0.5294590968546762,True
37,Photographic goods,Photographic or cinematographic goods,VI,Chemical and allied industries,False,2020,700.0,14278534.0,387001318.54,118429539.0,0.00018087793670595694,0.0049024640764941275,0.00841607178465555,0.06621370860102233,-0.7848128802231948,True
37,Photographic goods,Photographic or cinematographic goods,VI,Chemical and allied industries,False,2021,3626.0,16103494.0,394220696.455,131876652.0,0.0009197893546956142,0.022516852553861915,0.007150293165140796,0.05441440920778298,-0.782356019570355,True
37,Photographic goods,Photographic or cinematographic goods,VI,Chemical and allied industries,False,2022,4598.0,20049801.0,392071341.094,140218023.0,0.0011727457526403643,0.02293289594245848,0.007888350672867544,0.04668290623807406,-0.7497963034676255,True
37,Photographic goods,Photographic or cinematographic goods,VI,Chemical and allied industries,False,2023,884.0,25442215.0,373173535.882,130139661.0,0.00023688710881136188,0.0034745402473801905,0.009952850168870254,0.04641644689028384,-0.6729411464353342,True
37,Photographic goods,Photographic or cinematographic goods,VI,Chemical and allied industries,False,2024,30349.0,23684742.0,377422045.359,130588125.0,0.008041130711146547,0.12813734682015956,0.009047639663515931,0.049527554470474806,-0.6929499987836487,True
38,Misc. chemical products,Miscellaneous chemical products,VI,Chemical and allied industries,False,2020,32767795.0,1157492131.0,9337062796.054,2390222913.0,0.3509432860818738,2.830930260553106,0.682250493269822,1.5975179554936467,-0.3474717576556298,True
38,Misc. chemical products,Miscellaneous chemical products,VI,Chemical and allied industries,False,2021,18242251.0,1221380473.0,11680956569.796,2902663246.0,0.15617086572490005,1.4935764410243686,0.5423188562760561,1.6123261828790751,-0.4076782128312835,True
38,Misc. chemical products,Miscellaneous chemical products,VI,Chemical and allied industries,False,2022,16035559.0,1411176979.0,13508433022.22,3515833261.0,0.11870776553892769,1.1363251554289988,0.555210441830811,1.6084136893045922,-0.42716702005474216,True
38,Misc. chemical products,Miscellaneous chemical products,VI,Chemical and allied industries,False,2023,16497073.0,1451191304.0,12657972464.692,3624803494.0,0.1303295061354948,1.136795194026328,0.5676978052060108,1.574436690043945,-0.42821403025401605,True
38,Misc. chemical products,Miscellaneous chemical products,VI,Chemical and allied industries,False,2024,20101893.0,1520009157.0,12143176586.909,3409666631.0,0.16554064627266413,1.3224849934242864,0.5806478760790644,1.5934994981034123,-0.38332287056278114,True
39,Plastics,Plastics and articles thereof,VII,Plastics and rubber,False,2020,212191047.0,6971353977.0,22926080735.639,11738222247.0,0.9255443590501942,3.043756603094091,4.109064383407705,3.922521078015943,-0.254782268338351,True
39,Plastics,Plastics and articles thereof,VII,Plastics and rubber,False,2021,293949455.0,10015068526.0,30145880696.949,17590483300.0,0.9750899565848478,2.935071829382708,4.4469030155737945,4.161045584170734,-0.27441635007872495,True
39,Plastics,Plastics and articles thereof,VII,Plastics and rubber,False,2022,320108559.0,11571487333.0,31407755079.408,18975915354.0,1.0192022899779747,2.76635621496212,4.552661140594304,3.739639019340799,-0.24239141038825826,False
39,Plastics,Plastics and articles thereof,VII,Plastics and rubber,False,2023,286741807.0,10571746422.0,28264859829.881,16215325031.0,1.0144816168409323,2.712340946840013,4.1356072245068365,3.5156682856788573,-0.210682926608909,False
39,Plastics,Plastics and articles thereof,VII,Plastics and rubber,False,2024,291372942.0,10920364677.0,27596793617.839,15626409533.0,1.0558217234760634,2.668161280489809,4.171610760703389,3.6214145832893383,-0.177273698822031,False
40,Rubber,Rubber and articles thereof,VII,Plastics and rubber,False,2020,90338312.0,2656178508.0,6303814389.809,2692340787.0,1.4330737933217792,3.4010632842602613,1.5656081356942717,1.0785465296511711,-0.006761175758271243,False
40,Rubber,Rubber and articles thereof,VII,Plastics and rubber,False,2021,111409778.0,3454739017.0,8319495188.176,3578936291.0,1.3391410834438615,3.224839197744818,1.5339774573518226,1.1483425899311346,-0.01765752164572337,False
40,Rubber,Rubber and articles thereof,VII,Plastics and rubber,False,2022,128584756.0,3707731668.0,8094604578.275,4132398170.0,1.5885242417536602,3.4680167691142634,1.4587619896117723,0.9638033361670761,-0.05416574862596045,False
40,Rubber,Rubber and articles thereof,VII,Plastics and rubber,False,2023,151108893.0,3818162795.0,8536282076.618,3866202672.0,1.7701956383787638,3.9576335822527438,1.4936436241494644,1.0617684416268733,-0.0062516387600647155,False
40,Rubber,Rubber and articles thereof,VII,Plastics and rubber,False,2024,178144109.0,3774703078.0,8629755171.547,3938800797.0,2.064300845838078,4.719420450267267,1.4419474481296215,1.1324475466691595,-0.021274082655465057,False
41,Raw hides and leather,Raw hides and skins (other than furskins) and leather,VIII,"Hides, skins, leather and furs",False,2020,4053154.0,155983870.0,623837505.791,184607643.0,0.6497131003466631,2.5984443135049795,0.09194021229128838,0.10673502348433073,-0.08404135719024801,False
41,Raw hides and leather,Raw hides and skins (other than furskins) and leather,VIII,"Hides, skins, leather and furs",False,2021,5115303.0,253123288.0,720969459.38,210491038.0,0.7095034239590289,2.020874112539183,0.11239211292433587,0.09951564578369518,0.09195628264515708,False
41,Raw hides and leather,Raw hides and skins (other than furskins) and leather,VIII,"Hides, skins, leather and furs",False,2022,4842905.0,259994102.0,791692200.521,318890611.0,0.6117156385793572,1.8626980238190174,0.10229152146962919,0.0942647138227721,-0.10174134448079647,False
41,Raw hides and leather,Raw hides and skins (other than furskins) and leather,VIII,"Hides, skins, leather and furs",False,2023,4169867.0,210215815.0,852988611.373,316858461.0,0.488853771832667,1.983612412795869,0.08223523422870013,0.1060972892523957,-0.20232944549925255,False
41,Raw hides and leather,Raw hides and skins (other than furskins) and leather,VIII,"Hides, skins, leather and furs",False,2024,3714506.0,206723009.0,847993625.384,226664340.0,0.4380346607343832,1.7968517476445984,0.07896878486536862,0.11127874216216595,-0.04601272059743488,False
42,Leather goods,"Articles of leather; saddlery and harness; travel goods, handbags; articles of animal gut",VIII,"Hides, skins, leather and furs",False,2020,23045147.0,284831831.0,4374343145.688,276562529.0,0.5268253137094814,8.090790597066379,0.16788594236991541,0.7484250530777651,0.014729934230190698,False
42,Leather goods,"Articles of leather; saddlery and harness; travel goods, handbags; articles of animal gut",VIII,"Hides, skins, leather and furs",False,2021,27366784.0,413276875.0,5111784213.082,324924927.0,0.5353665737681834,6.621900632596489,0.18350370513524872,0.7055812149230477,0.1196853594242513,False
42,Leather goods,"Articles of leather; saddlery and harness; travel goods, handbags; articles of animal gut",VIII,"Hides, skins, leather and furs",False,2022,30428729.0,513244892.0,5594215546.142,465511784.0,0.5439320088584162,5.928695925531004,0.20192996873904284,0.6660885722670328,0.048769126352298825,False
42,Leather goods,"Articles of leather; saddlery and harness; travel goods, handbags; articles of animal gut",VIII,"Hides, skins, leather and furs",False,2023,33017468.0,483535534.0,5755963313.601,623318851.0,0.5736219326134634,6.828343664190768,0.18915635770025008,0.7159440307489124,-0.12628880446636168,False
42,Leather goods,"Articles of leather; saddlery and harness; travel goods, handbags; articles of animal gut",VIII,"Hides, skins, leather and furs",False,2024,33290557.0,475013766.0,5663641791.043,680371821.0,0.5877941831110987,7.008335206857984,0.18145662680124086,0.7432165946753982,-0.1777398448713728,False
43,Furskins,Furskins and artificial fur; manufactures thereof,VIII,"Hides, skins, leather and furs",False,2020,12995776.0,101824465.0,82236447.816,26341415.0,15.802939384100597,12.762920973854369,0.060017506480297377,0.014070185116201343,0.5889480882119329,False
43,Furskins,Furskins and artificial fur; manufactures thereof,VIII,"Hides, skins, leather and furs",False,2021,14772395.0,152955824.0,87915179.504,41023291.0,16.803008403489503,9.657948689812557,0.06791563265187534,0.012134960432379088,0.577033939968228,False
43,Furskins,Furskins and artificial fur; manufactures thereof,VIII,"Hides, skins, leather and furs",False,2022,16311092.0,163098960.0,97332717.062,63821779.0,16.758077337561623,10.00073329713445,0.06416930476566808,0.011589151331040434,0.43749716944117656,False
43,Furskins,Furskins and artificial fur; manufactures thereof,VIII,"Hides, skins, leather and furs",False,2023,17752259.0,154938205.0,105006042.469,49473521.0,16.90594044170443,11.457638224219778,0.0606109467984098,0.01306096741801761,0.5159424366878053,False
43,Furskins,Furskins and artificial fur; manufactures thereof,VIII,"Hides, skins, leather and furs",False,2024,13332012.0,138115725.0,110047722.269,39648753.0,12.11475505818404,9.652783562479943,0.05276060476678441,0.014441113406200797,0.5539181568097087,False
44,Wood,Wood and articles of wood; wood charcoal,IX,"Wood, cork and straw",False,2020,6927963.0,977025001.0,5318508496.9,444065499.0,0.13026138820757932,0.7090875865928838,0.575879326534444,0.9099663358624945,0.37503558147774546,False
44,Wood,Wood and articles of wood; wood charcoal,IX,"Wood, cork and straw",False,2021,15669113.0,1473640250.0,7439011683.835,485105277.0,0.21063433781195748,1.06329295769439,0.6543275519866294,1.0268091693452803,0.50467759051582,False
44,Wood,Wood and articles of wood; wood charcoal,IX,"Wood, cork and straw",False,2022,23910907.0,1801834874.0,7238280624.693,784837011.0,0.330339596373609,1.3270309807534562,0.7089100455767171,0.8618430890269998,0.3931684837561065,False
44,Wood,Wood and articles of wood; wood charcoal,IX,"Wood, cork and straw",False,2023,23889424.0,1774843297.0,6453339630.987,1094663262.0,0.37018699411526634,1.3460018718486333,0.6943086287206002,0.8026857947970591,0.2370372818513568,False
44,Wood,Wood and articles of wood; wood charcoal,IX,"Wood, cork and straw",False,2024,13638115.0,1734478877.0,6005630735.256,868921172.0,0.22708880384432517,0.786294672183546,0.6625759268594004,0.7880944079115021,0.3324720322304949,False
45,Cork,Cork and articles of cork,IX,"Wood, cork and straw",False,2020,51599.0,801910.0,292172310.321,5087667.0,0.01766046890046148,6.434512601164719,0.0004726628185241658,0.04998900853843629,-0.7276850272948295,True
45,Cork,Cork and articles of cork,IX,"Wood, cork and straw",False,2021,48876.0,804319.0,347640928.546,5957735.0,0.014059334211429799,6.076693451230171,0.00035713470929308135,0.0479849888993208,-0.7621080813610775,True
45,Cork,Cork and articles of cork,IX,"Wood, cork and straw",False,2022,7643.0,5535596.0,327884722.524,12189636.0,0.0023310021708744175,0.13807004701932726,0.002177913009277393,0.039040373917090324,-0.3753993177635136,True
45,Cork,Cork and articles of cork,IX,"Wood, cork and straw",False,2023,27058.0,8368560.0,327728857.063,15613036.0,0.00825621528799296,0.3233292227097613,0.0032737331953684398,0.04076390104224407,-0.3020848153725882,True
45,Cork,Cork and articles of cork,IX,"Wood, cork and straw",False,2024,12415.0,7195908.0,311620956.079,12767295.0,0.003984006774195454,0.17252860931518302,0.0027488575824812273,0.04089274610777866,-0.27908282052734723,True
46,Basketware,"Manufactures of straw, esparto or other plaiting materials; basketware and wickerwork",IX,"Wood, cork and straw",False,2020,25067.0,1953514.0,103315138.056,11274192.0,0.02426265934660312,1.2831748326349337,0.0011514427220840457,0.017676628263495985,-0.7046329877606896,True
46,Basketware,"Manufactures of straw, esparto or other plaiting materials; basketware and wickerwork",IX,"Wood, cork and straw",False,2021,36427.0,2771226.0,153099195.505,15190854.0,0.023793070812583302,1.314472367103946,0.0012304831688613952,0.02113233107369946,-0.6914359584190695,True
46,Basketware,"Manufactures of straw, esparto or other plaiting materials; basketware and wickerwork",IX,"Wood, cork and straw",False,2022,67384.0,3686440.0,193393549.742,16370108.0,0.03484294077537476,1.8278881522552926,0.0014503850414518244,0.0230268627246835,-0.6323953653440263,True
46,Basketware,"Manufactures of straw, esparto or other plaiting materials; basketware and wickerwork",IX,"Wood, cork and straw",False,2023,37696.0,4510744.0,141369527.345,18819001.0,0.026664869514634648,0.8356936239343221,0.001764577462384092,0.01758396704740775,-0.6133053318842533,True
46,Basketware,"Manufactures of straw, esparto or other plaiting materials; basketware and wickerwork",IX,"Wood, cork and straw",False,2024,2478601.0,6693891.0,149585226.355,25191656.0,1.6569824844317929,37.02780639840117,0.0025570856425141683,0.019629458685246088,-0.5801300821340779,True
47,Wood pulp,Pulp of wood or other fibrous cellulosic material; recovered paper or paperboard,X,"Pulp, paper and printed products",False,2020,2997.0,60711635.0,1072295715.856,935873858.0,0.0002794937959448559,0.004936450813752586,0.03578472960345973,0.18346365415929525,-0.8781607088876218,True
47,Wood pulp,Pulp of wood or other fibrous cellulosic material; recovered paper or paperboard,X,"Pulp, paper and printed products",False,2021,5810.0,78346833.0,1396802162.469,1231398755.0,0.00041595010060194865,0.007415743275800313,0.0347876569215555,0.1928010506155158,-0.8803632801395624,True
47,Wood pulp,Pulp of wood or other fibrous cellulosic material; recovered paper or paperboard,X,"Pulp, paper and printed products",False,2022,4987.0,168960432.0,1681029637.286,1811921405.0,0.00029666341921558533,0.0029515786275925242,0.06647542972896295,0.20015578981589308,-0.8294088735187893,True
47,Wood pulp,Pulp of wood or other fibrous cellulosic material; recovered paper or paperboard,X,"Pulp, paper and printed products",False,2023,562.0,156318547.0,1211225641.182,1323772081.0,4.639928192500619e-05,0.00035952227728933535,0.061150928757834275,0.15065588858865833,-0.7887716548665289,True
47,Wood pulp,Pulp of wood or other fibrous cellulosic material; recovered paper or paperboard,X,"Pulp, paper and printed products",False,2024,299.0,129354320.0,1397448832.48,1465855037.0,2.1396132226850545e-05,0.00023114805906752862,0.0494137228211788,0.18338150625123306,-0.8378215129790014,True
48,Paper and paperboard,"Paper and paperboard; articles of paper pulp, of paper or of paperboard",X,"Pulp, paper and printed products",False,2020,46635702.0,1725417572.0,8110768190.158,2428685716.0,0.5749850187629579,2.7028646721119634,1.0169978335631713,1.3877059734566635,-0.16929481412547873,False
48,Paper and paperboard,"Paper and paperboard; articles of paper pulp, of paper or of paperboard",X,"Pulp, paper and printed products",False,2021,93079192.0,2162500713.0,9303037653.722,2741500874.0,1.0005247260582728,4.3042386733307865,0.9601962200113837,1.2841012719960705,-0.11806687879850394,False
48,Paper and paperboard,"Paper and paperboard; articles of paper pulp, of paper or of paperboard",X,"Pulp, paper and printed products",False,2022,116375955.0,2843070244.0,11202546280.305,4055166057.0,1.0388348513640913,4.093319721719827,1.1185714547624235,1.3338578029496448,-0.17571097308224842,False
48,Paper and paperboard,"Paper and paperboard; articles of paper pulp, of paper or of paperboard",X,"Pulp, paper and printed products",False,2023,93020828.0,2531533525.0,10078463158.831,3070346981.0,0.9229663941222312,3.6744853299938027,0.9903215530486225,1.2535895634772047,-0.09618438940689536,False
48,Paper and paperboard,"Paper and paperboard; articles of paper pulp, of paper or of paperboard",X,"Pulp, paper and printed products",False,2024,100535797.0,2689662639.0,9543767744.502,2898800103.0,1.053418311210653,3.73785899920068,1.0274588751734484,1.2523896858483066,-0.037423075656965704,False
49,Printed products,"Printed books, newspapers, pictures and other products of the printing industry; manuscripts and typescripts",X,"Pulp, paper and printed products",False,2020,13439610.0,132343642.0,1812732201.943,101434230.0,0.7414007422384059,10.155085500820658,0.07800615884759284,0.3101480952156948,0.13221701325093763,False
49,Printed products,"Printed books, newspapers, pictures and other products of the printing industry; manuscripts and typescripts",X,"Pulp, paper and printed products",False,2021,18107965.0,154072495.0,2191385911.912,116506144.0,0.8263247884166905,11.752886198149774,0.06841145827946962,0.3024777004739571,0.13883709053618234,False
49,Printed products,"Printed books, newspapers, pictures and other products of the printing industry; manuscripts and typescripts",X,"Pulp, paper and printed products",False,2022,19529177.0,219751934.0,2176964739.723,119129285.0,0.8970828348136185,8.88691928417795,0.08645872926284127,0.2592054816975689,0.29692601229695176,False
49,Printed products,"Printed books, newspapers, pictures and other products of the printing industry; manuscripts and typescripts",X,"Pulp, paper and printed products",False,2023,20713445.0,191468199.0,2055128061.743,132253420.0,1.007890719103532,10.818216867439173,0.07490127320873725,0.2556230100968077,0.18291882754979055,False
49,Printed products,"Printed books, newspapers, pictures and other products of the printing industry; manuscripts and typescripts",X,"Pulp, paper and printed products",False,2024,16419239.0,208886416.0,1808564554.62,128547716.0,0.9078602673073989,7.86036704272814,0.0797952125706621,0.23733054439655316,0.2380870587211373,False
50,Silk,Silk,XI,Textiles and textile articles,False,2020,41881.0,9093545.0,66355259.971,20916414.0,0.06311632268233706,0.4605574613640775,0.005359928932269625,0.01135300485393761,-0.3939648501352501,True
50,Silk,Silk,XI,Textiles and textile articles,False,2021,57970.0,5924363.0,70385408.22,19387509.0,0.08236082089458968,0.9785018237403751,0.002630542928554078,0.009715320478048827,-0.531890568978857,True
50,Silk,Silk,XI,Textiles and textile articles,False,2022,30383.0,1677082.0,98589102.605,25623226.0,0.030817807645263127,1.8116585831819791,0.0006598275425852879,0.011738745862329265,-0.8771382359495724,True
50,Silk,Silk,XI,Textiles and textile articles,False,2023,5445.0,1990864.0,118777038.386,26646269.0,0.00458421936932365,0.27349934500799655,0.0007788147022025287,0.014773845313008176,-0.8609592657197912,True
50,Silk,Silk,XI,Textiles and textile articles,False,2024,27165.0,1622372.0,95131572.447,27307738.0,0.028555188673176038,1.6744001992144837,0.0006197507769422891,0.012483727949036613,-0.8878419750218717,True
51,Wool and animal hair,"Wool, fine or coarse animal hair; horsehair yarn and woven fabric",XI,Textiles and textile articles,False,2020,666304.0,68043096.0,142783017.397,204269802.0,0.46665493708357475,0.9792382169088837,0.04010604872924691,0.02442935632045524,-0.5002580010000114,True
51,Wool and animal hair,"Wool, fine or coarse animal hair; horsehair yarn and woven fabric",XI,Textiles and textile articles,False,2021,637745.0,87870725.0,189171099.161,223559947.0,0.337126021273063,0.7257764175725192,0.03901646713337282,0.026111347508127998,-0.4356963979450296,True
51,Wool and animal hair,"Wool, fine or coarse animal hair; horsehair yarn and woven fabric",XI,Textiles and textile articles,False,2022,1122465.0,88647062.0,208699038.545,334547334.0,0.537839085328595,1.2662179373750706,0.03487710981148546,0.024849247132390145,-0.5810574864039552,True
51,Wool and animal hair,"Wool, fine or coarse animal hair; horsehair yarn and woven fabric",XI,Textiles and textile articles,False,2023,1543220.0,98611431.0,258478809.728,350774110.0,0.5970392705011087,1.564950416346762,0.03857623236345135,0.032150371852191675,-0.5611277088240807,True
51,Wool and animal hair,"Wool, fine or coarse animal hair; horsehair yarn and woven fabric",XI,Textiles and textile articles,False,2024,1132778.0,98826400.0,194065140.475,279137505.0,0.583710189901894,1.1462301571240074,0.037751969451155123,0.025466376259376897,-0.47705905938293236,True
52,Cotton,Cotton,XI,Textiles and textile articles,False,2020,40059724.0,1463451504.0,378655912.278,2543330843.0,10.579452928385578,2.737345507555678,0.8625894584854528,0.06478585739763656,-0.26951285232863686,True
52,Cotton,Cotton,XI,Textiles and textile articles,False,2021,50080519.0,2265699974.0,470177393.5,3714927093.0,10.6514093812977,2.210377348046878,1.0060188825078507,0.06489873646975876,-0.24232026220069275,False
52,Cotton,Cotton,XI,Textiles and textile articles,False,2022,57229971.0,2263889736.0,510323301.733,4841968489.0,11.214453818913132,2.5279486933457256,0.8906999187809159,0.060762857033700685,-0.36281032795303203,True
52,Cotton,Cotton,XI,Textiles and textile articles,False,2023,49463604.0,2099177724.0,488214149.386,2746156908.0,10.131538396051742,2.3563323597845116,0.8211864165443958,0.06072554443739006,-0.1335262129734366,False
52,Cotton,Cotton,XI,Textiles and textile articles,False,2024,49684648.0,2178988895.0,403080757.385,2377673645.0,12.326226715046094,2.280169858323211,0.8323800340642405,0.05289464251722935,-0.04360313019800672,False
53,Other vegetable fibres,Other vegetable textile fibres; paper yarn and woven fabrics of paper yarn,XI,Textiles and textile articles,False,2020,1490803.0,45138038.0,90049437.22,359665539.0,1.6555383864952045,3.3027642894004385,0.02660532012785836,0.015406942845221485,-0.7769879488984851,True
53,Other vegetable fibres,Other vegetable textile fibres; paper yarn and woven fabrics of paper yarn,XI,Textiles and textile articles,False,2021,2014317.0,65394285.0,119211261.976,355393872.0,1.6897036124032718,3.0802645827536765,0.029036450665598987,0.01645476873657431,-0.6891819129786012,True
53,Other vegetable fibres,Other vegetable textile fibres; paper yarn and woven fabrics of paper yarn,XI,Textiles and textile articles,False,2022,1725302.0,65713807.0,117148365.265,381868136.0,1.4727495309876615,2.625478691258901,0.02585429918556987,0.013948548589014271,-0.70636077693599,True
53,Other vegetable fibres,Other vegetable textile fibres; paper yarn and woven fabrics of paper yarn,XI,Textiles and textile articles,False,2023,1394005.0,64299784.0,114718822.99,290980917.0,1.2151493222010437,2.1679777337976747,0.025153710714366687,0.01426907227503656,-0.6380339049150885,True
53,Other vegetable fibres,Other vegetable textile fibres; paper yarn and woven fabrics of paper yarn,XI,Textiles and textile articles,False,2024,1374019.0,66941922.0,122001125.094,299463908.0,1.1262346957385347,2.0525538540706973,0.025572007017817193,0.01600970966813772,-0.634602309684865,True
54,Man-made filaments,Man-made filaments; strip and the like of man-made textile materials,XI,Textiles and textile articles,False,2020,9710745.0,1333522691.0,661913847.91,1801283502.0,1.4670708326562107,0.7282024569614166,0.7860066512376579,0.1132496674942573,-0.149215224866056,False
54,Man-made filaments,Man-made filaments; strip and the like of man-made textile materials,XI,Textiles and textile articles,False,2021,12869321.0,1871300675.0,796661153.702,2268569515.0,1.6154071201034002,0.6877206411524434,0.8308972218312286,0.1099633946347956,-0.09596166588981864,False
54,Man-made filaments,Man-made filaments; strip and the like of man-made textile materials,XI,Textiles and textile articles,False,2022,14702381.0,1883156598.0,897555497.588,2882094748.0,1.6380470109658614,0.7807306633773641,0.7409050901277402,0.10686957894053975,-0.2096296873906806,False
54,Man-made filaments,Man-made filaments; strip and the like of man-made textile materials,XI,Textiles and textile articles,False,2023,10700593.0,1783373089.0,826969907.914,2178816117.0,1.29395191984577,0.6000198761550337,0.6976454349596651,0.10286100465251291,-0.09980417578271501,False
54,Man-made filaments,Man-made filaments; strip and the like of man-made textile materials,XI,Textiles and textile articles,False,2024,11470174.0,1669323474.0,730123286.254,1783345295.0,1.5709913950080046,0.6871151205053982,0.6376863752453206,0.09581109867525324,-0.03302425706854708,False
55,Man-made staple fibres,Man-made staple fibres,XI,Textiles and textile articles,False,2020,25315463.0,1179049223.0,549868724.752,1309081085.0,4.603910326308829,2.1471082382452833,0.6949567020262969,0.09407938879097515,-0.05226087298639987,False
55,Man-made staple fibres,Man-made staple fibres,XI,Textiles and textile articles,False,2021,36374098.0,1728029681.0,652545372.131,1692588346.0,5.574186800408081,2.104946367527121,0.7672818592794042,0.0900710470685155,0.010361091101154978,False
55,Man-made staple fibres,Man-made staple fibres,XI,Textiles and textile articles,False,2022,42064480.0,1945702230.0,660377829.42,2256079028.0,6.36975957187185,2.161917653761439,0.7655129093411143,0.07862945607423409,-0.07386790957027016,False
55,Man-made staple fibres,Man-made staple fibres,XI,Textiles and textile articles,False,2023,30316884.0,1655547643.0,584993847.39,1660551294.0,5.18242783838862,1.8312299333810234,0.647640845665572,0.07276329438619895,-0.001508896777526997,False
55,Man-made staple fibres,Man-made staple fibres,XI,Textiles and textile articles,False,2024,27663033.0,1680062276.0,572954899.149,1655001400.0,4.8281344729030895,1.6465480711739997,0.6417886285404523,0.07518653275734208,0.007514362073607376,False
56,Nonwovens and cordage,"Wadding, felt and nonwovens; special yarns; twine, cordage, ropes and cables",XI,Textiles and textile articles,False,2020,13225729.0,955758216.0,875943782.926,416281352.0,1.509883311897119,1.3837944344702342,0.5633442309014584,0.14986896326955165,0.39319337181097974,False
56,Nonwovens and cordage,"Wadding, felt and nonwovens; special yarns; twine, cordage, ropes and cables",XI,Textiles and textile articles,False,2021,20493459.0,1073428568.0,1064257160.0,393814314.0,1.925611569294023,1.9091590824886637,0.4766250698784545,0.14689975723576315,0.463191379108016,False
56,Nonwovens and cordage,"Wadding, felt and nonwovens; special yarns; twine, cordage, ropes and cables",XI,Textiles and textile articles,False,2022,20443519.0,1126841510.0,1036502414.936,426058643.0,1.9723561378544696,1.8142319765980222,0.44334210517219497,0.12341362395165156,0.4512736157866809,False
56,Nonwovens and cordage,"Wadding, felt and nonwovens; special yarns; twine, cordage, ropes and cables",XI,Textiles and textile articles,False,2023,25472253.0,1080280548.0,1026323917.669,431625296.0,2.481892174729096,2.3579294329754052,0.42259962171489585,0.12765725603804534,0.42903151315552424,False
56,Nonwovens and cordage,"Wadding, felt and nonwovens; special yarns; twine, cordage, ropes and cables",XI,Textiles and textile articles,False,2024,26583117.0,1179924689.0,958877810.19,426864960.0,2.772315379238216,2.252950315204397,0.45073462975269474,0.1258296211328673,0.4686735002734636,False
57,Carpets,Carpets and other textile floor coverings,XI,Textiles and textile articles,False,2020,21437934.0,2621045221.0,450363209.557,43682413.0,4.760143267716614,0.8179154570946642,1.5448998287054097,0.07705456517494053,0.9672143505830435,False
57,Carpets,Carpets and other textile floor coverings,XI,Textiles and textile articles,False,2021,36868421.0,3240150974.0,597784788.29,56875712.0,6.167507390990055,1.137861207574706,1.4386958111957873,0.082512426112344,0.9654987857747658,False
57,Carpets,Carpets and other textile floor coverings,XI,Textiles and textile articles,False,2022,37333480.0,2819293617.0,595098981.504,75857175.0,6.273490824273755,1.3242139724249942,1.109216829666944,0.07085687486978054,0.9475970818448478,False
57,Carpets,Carpets and other textile floor coverings,XI,Textiles and textile articles,False,2023,33086654.0,2813980818.0,567827091.379,83595546.0,5.826888942485503,1.175795292859029,1.100813331686292,0.07062804163634961,0.942299677041402,False
57,Carpets,Carpets and other textile floor coverings,XI,Textiles and textile articles,False,2024,30779075.0,2928172989.0,611745789.1,90987830.0,5.031350529650911,1.051135814571917,1.1185705158583696,0.08027690291094267,0.9397264104466374,False
58,Special woven fabrics,Special woven fabrics; tufted textile fabrics; lace; tapestries; trimmings; embroidery,XI,Textiles and textile articles,False,2020,7436766.0,378752666.0,197833456.283,131114900.0,3.759104319221788,1.9634887533702534,0.22324488114015537,0.03384817104828992,0.48569036846717173,False
58,Special woven fabrics,Special woven fabrics; tufted textile fabrics; lace; tapestries; trimmings; embroidery,XI,Textiles and textile articles,False,2021,7835930.0,464289168.0,244027621.508,145487539.0,3.2110832173738633,1.6877262146249339,0.20615424606605912,0.03368321088706219,0.522817000617244,False
58,Special woven fabrics,Special woven fabrics; tufted textile fabrics; lace; tapestries; trimmings; embroidery,XI,Textiles and textile articles,False,2022,6254595.0,443850207.0,258114656.472,189273153.0,2.423184752656032,1.4091679808544058,0.17462747281336352,0.030733035148993885,0.4020970794696313,False
58,Special woven fabrics,Special woven fabrics; tufted textile fabrics; lace; tapestries; trimmings; embroidery,XI,Textiles and textile articles,False,2023,5261799.0,403349199.0,258767713.364,179633246.0,2.033406305445224,1.304526949116366,0.15778791836248657,0.032186306555452744,0.383743893008648,False
58,Special woven fabrics,Special woven fabrics; tufted textile fabrics; lace; tapestries; trimmings; embroidery,XI,Textiles and textile articles,False,2024,5135333.0,397271028.0,238972788.623,174467625.0,2.14891956092182,1.2926522796925428,0.1517586769616721,0.03135942362409928,0.38969449036009113,False
59,Technical textiles,"Impregnated, coated, covered or laminated textile fabrics; textile articles for industrial use",XI,Textiles and textile articles,False,2020,6233742.0,256571613.0,438776694.796,376996440.0,1.420709457437854,2.4296304361620864,0.15122876850752764,0.0750721788746029,-0.19007402035152804,False
59,Technical textiles,"Impregnated, coated, covered or laminated textile fabrics; textile articles for industrial use",XI,Textiles and textile articles,False,2021,7259812.0,308001574.0,517762350.599,445090632.0,1.4021513908072136,2.357069772636941,0.1367592368106454,0.07146690336460709,-0.18203489148844013,False
59,Technical textiles,"Impregnated, coated, covered or laminated textile fabrics; textile articles for industrial use",XI,Textiles and textile articles,False,2022,6864971.0,335421536.0,560216759.807,548461327.0,1.2254133564952692,2.046669716520528,0.13196752921387425,0.06670354022330265,-0.24102717669728144,False
59,Technical textiles,"Impregnated, coated, covered or laminated textile fabrics; textile articles for industrial use",XI,Textiles and textile articles,False,2023,8513283.0,338509791.0,604633247.823,506535351.0,1.408007751914459,2.514929619864378,0.1324231098007223,0.07520610208691332,-0.1988361942444017,False
59,Technical textiles,"Impregnated, coated, covered or laminated textile fabrics; textile articles for industrial use",XI,Textiles and textile articles,False,2024,9131759.0,354299122.0,590475838.678,487464144.0,1.5465084939707003,2.5774150803568743,0.1353432850970498,0.07748573413565855,-0.15819771113651804,False
60,Knitted fabrics,Knitted or crocheted fabrics,XI,Textiles and textile articles,False,2020,14289058.0,1510372322.0,261154789.797,344649737.0,5.471489920252707,0.9460619604759946,0.8902455870826014,0.0446820884657852,0.6284144058256722,False
60,Knitted fabrics,Knitted or crocheted fabrics,XI,Textiles and textile articles,False,2021,22446218.0,2156428102.0,266714079.596,428665175.0,8.415835427211032,1.0408980470613438,0.9574998518239668,0.03681462997534581,0.6683561256269516,False
60,Knitted fabrics,Knitted or crocheted fabrics,XI,Textiles and textile articles,False,2022,20387432.0,2052128579.0,320530003.342,521610523.0,6.36053779285272,0.993477319532033,0.8073850636704757,0.03816466679444615,0.5946671342136682,False
60,Knitted fabrics,Knitted or crocheted fabrics,XI,Textiles and textile articles,False,2023,13948287.0,1927609510.0,261335773.671,560221986.0,5.3373048794918265,0.7236054256652843,0.7540699045707855,0.03250572962110284,0.5496302809087035,False
60,Knitted fabrics,Knitted or crocheted fabrics,XI,Textiles and textile articles,False,2024,12756685.0,1793651269.0,254046759.257,474116884.0,5.021392533134036,0.7112132230203327,0.6851799510385244,0.03333751926223731,0.5818647656967957,False
61,Knitted apparel,"Articles of apparel and clothing accessories, knitted or crocheted",XI,Textiles and textile articles,False,2020,423052463.0,8387722615.0,10349465857.035,543960297.0,4.087674367391938,5.0437106997725865,4.943902198756452,1.7707343195088259,0.8781953407080378,False
61,Knitted apparel,"Articles of apparel and clothing accessories, knitted or crocheted",XI,Textiles and textile articles,False,2021,576435732.0,10780806532.0,12233114347.803,692463208.0,4.71209305832676,5.346870202048442,4.78690694457146,1.6885406981237427,0.8792910436706947,False
61,Knitted apparel,"Articles of apparel and clothing accessories, knitted or crocheted",XI,Textiles and textile articles,False,2022,628681055.0,11005972770.0,14105266121.408,1079287323.0,4.45706624454133,5.712180723485472,4.330166304682594,1.6794770410186688,0.8213878204201591,False
61,Knitted apparel,"Articles of apparel and clothing accessories, knitted or crocheted",XI,Textiles and textile articles,False,2023,607301654.0,10277565649.0,12845651928.387,1288838640.0,4.727682622771,5.9090029170389196,4.02052537505971,1.5977808262737727,0.7771410011621807,False
61,Knitted apparel,"Articles of apparel and clothing accessories, knitted or crocheted",XI,Textiles and textile articles,False,2024,539606138.0,10105657119.0,12591399334.306,1704935239.0,4.285513656371867,5.339644237339773,3.860390126933049,1.6523179397116523,0.7112870908891968,False
62,Non-knitted apparel,"Articles of apparel and clothing accessories, not knitted or crocheted",XI,Textiles and textile articles,False,2020,247779542.0,6600585182.0,11195589731.926,749035409.0,2.213188835362708,3.753902649051519,3.890525365730523,1.915501267341873,0.796170319344856,False
62,Non-knitted apparel,"Articles of apparel and clothing accessories, not knitted or crocheted",XI,Textiles and textile articles,False,2021,299882889.0,7513226431.0,12082481134.777,807891752.0,2.4819644711618642,3.991399590496383,3.3360320187491284,1.6677487474027701,0.8058213489503085,False
62,Non-knitted apparel,"Articles of apparel and clothing accessories, not knitted or crocheted",XI,Textiles and textile articles,False,2022,376226673.0,8458314007.0,13318169474.799,1295908749.0,2.824912790844915,4.44801023807628,3.327820908967796,1.5857595077467301,0.7342876451733967,False
62,Non-knitted apparel,"Articles of apparel and clothing accessories, not knitted or crocheted",XI,Textiles and textile articles,False,2023,342033914.0,8037378131.0,13114368718.68,1667843287.0,2.6080852333578943,4.255540904325284,3.144176727081248,1.6312046289442457,0.6562997967451422,False
62,Non-knitted apparel,"Articles of apparel and clothing accessories, not knitted or crocheted",XI,Textiles and textile articles,False,2024,301268470.0,7384157694.0,12932019067.237,1993121521.0,2.3296321203489208,4.079930067647334,2.820769507807631,1.6970160769399958,0.5749040899173012,False
63,Other textile articles,Other made-up textile articles; sets; worn clothing and worn textile articles; rags,XI,Textiles and textile articles,False,2020,146137068.0,2521486814.0,8794204911.641,220649221.0,1.6617428120938655,5.795670522193737,1.4862179850316857,1.504638081321914,0.8390676332729787,False
63,Other textile articles,Other made-up textile articles; sets; worn clothing and worn textile articles; rags,XI,Textiles and textile articles,False,2021,190467251.0,2894697100.0,3821764647.049,237932617.0,4.983751449662671,6.579868097425461,1.2853069581845333,0.5275194003521857,0.8480940050406858,False
63,Other textile articles,Other made-up textile articles; sets; worn clothing and worn textile articles; rags,XI,Textiles and textile articles,False,2022,195799312.0,2765196076.0,3580620044.131,238977728.0,5.468307432421795,7.080847311313774,1.0879328092446052,0.42633503721013,0.8409028614244584,False
63,Other textile articles,Other made-up textile articles; sets; worn clothing and worn textile articles; rags,XI,Textiles and textile articles,False,2023,164742113.0,2288064542.0,3208249955.293,258388605.0,5.134952553438268,7.200064070570261,0.8950778681506597,0.399051779780282,0.7970599967217854,False
63,Other textile articles,Other made-up textile articles; sets; worn clothing and worn textile articles; rags,XI,Textiles and textile articles,False,2024,152878691.0,2215773980.0,3185006542.803,259103792.0,4.799949040778341,6.8995616150344,0.84643204248687,0.4179554082153527,0.7906128577892452,False
64,Footwear,"Footwear, gaiters and the like; parts of such articles",XII,"Footwear, headgear and accessories",False,2020,14696269.0,829448335.0,7537017748.764,498038634.0,0.19498785182521364,1.7718124661736767,0.4888944991847919,1.2895405597586127,0.24965194291108705,False
64,Footwear,"Footwear, gaiters and the like; parts of such articles",XII,"Footwear, headgear and accessories",False,2021,21409168.0,1081828872.0,8555548408.389,587849383.0,0.25023723761538885,1.9789791670488899,0.4803549831678502,1.180925091649056,0.2958531007520368,False
64,Footwear,"Footwear, gaiters and the like; parts of such articles",XII,"Footwear, headgear and accessories",False,2022,24507690.0,1310616957.0,9560220377.712,962010061.0,0.2563506805463966,1.8699353666305418,0.5156463226055243,1.1383103653093918,0.15339380075961062,False
64,Footwear,"Footwear, gaiters and the like; parts of such articles",XII,"Footwear, headgear and accessories",False,2023,25952605.0,1268590703.0,9374231554.755,1416206546.0,0.2768504794063441,2.0457823739860723,0.49626548602709253,1.1659951182500137,-0.05498211943377926,False
64,Footwear,"Footwear, gaiters and the like; parts of such articles",XII,"Footwear, headgear and accessories",False,2024,24614846.0,1161512553.0,9109262894.391,1711727998.0,0.27021775840015017,2.119206196818434,0.4437011407679446,1.1953713879078975,-0.19149647766474112,False
65,Headgear,Headgear and parts thereof,XII,"Footwear, headgear and accessories",False,2020,1839904.0,53136799.0,559139533.823,32002045.0,0.3290599016349354,3.4625796710110444,0.03131996007368916,0.09566557111365749,0.24823867704851618,False
65,Headgear,Headgear and parts thereof,XII,"Footwear, headgear and accessories",False,2021,2638604.0,67280932.0,698419083.849,41369587.0,0.37779666406859996,3.9217708815329733,0.02987416198148692,0.09640301021441304,0.23848339831676277,False
65,Headgear,Headgear and parts thereof,XII,"Footwear, headgear and accessories",False,2022,3655248.0,104896448.0,866469803.532,72846652.0,0.42185520892939077,3.4846251419304495,0.04127023336352392,0.10316828688253699,0.18031527524837815,False
65,Headgear,Headgear and parts thereof,XII,"Footwear, headgear and accessories",False,2023,3608999.0,94302433.0,807283110.82,88009115.0,0.44705493669180685,3.8270476012002783,0.036890576791719025,0.10041230161253532,0.03451957963737985,False
65,Headgear,Headgear and parts thereof,XII,"Footwear, headgear and accessories",False,2024,4019619.0,139161628.0,795688320.261,113751347.0,0.50517506637291,2.888453561350978,0.05316014272531443,0.10441493046799194,0.10047045233642125,False
66,Umbrellas and walking sticks,"Umbrellas, sun umbrellas, walking sticks, whips, riding crops and parts thereof",XII,"Footwear, headgear and accessories",False,2020,1865824.0,7596108.0,151458182.364,9751607.0,1.231907032606438,24.56289457706499,0.00447730769923553,0.025913627349189124,-0.12425261770786528,False
66,Umbrellas and walking sticks,"Umbrellas, sun umbrellas, walking sticks, whips, riding crops and parts thereof",XII,"Footwear, headgear and accessories",False,2021,2955526.0,11492083.0,207006397.266,7666282.0,1.4277462141434185,25.71793120533501,0.005102728794641134,0.02857315942758172,0.19969350202900926,False
66,Umbrellas and walking sticks,"Umbrellas, sun umbrellas, walking sticks, whips, riding crops and parts thereof",XII,"Footwear, headgear and accessories",False,2022,2768309.0,15052341.0,218661758.211,10648443.0,1.2660233881997285,18.391219013706905,0.005922160736437321,0.02603548203225902,0.17135267157608888,False
66,Umbrellas and walking sticks,"Umbrellas, sun umbrellas, walking sticks, whips, riding crops and parts thereof",XII,"Footwear, headgear and accessories",False,2023,1929309.0,13069993.0,152060554.823,16067058.0,1.2687767726783155,14.761362152221505,0.005112907112733031,0.01891374920348236,-0.10286095871541702,False
66,Umbrellas and walking sticks,"Umbrellas, sun umbrellas, walking sticks, whips, riding crops and parts thereof",XII,"Footwear, headgear and accessories",False,2024,2317450.0,13577950.0,152661506.402,27605617.0,1.518031660120995,17.06774586738057,0.005186816008772066,0.02003314635921146,-0.34061321108975334,True
67,Feathers and artificial flowers,Prepared feathers and down; artificial flowers; articles of human hair,XII,"Footwear, headgear and accessories",False,2020,43263.0,3213800.0,135869807.424,19743008.0,0.03184151123802803,1.346163420250171,0.0018942821091805365,0.023246545697543648,-0.7200133398336563,True
67,Feathers and artificial flowers,Prepared feathers and down; artificial flowers; articles of human hair,XII,"Footwear, headgear and accessories",False,2021,115802.0,6913571.0,167654972.247,22694263.0,0.0690716168139607,1.6749954545921346,0.0030697722784891043,0.02314146960726382,-0.5329904240884356,True
67,Feathers and artificial flowers,Prepared feathers and down; artificial flowers; articles of human hair,XII,"Footwear, headgear and accessories",False,2022,247601.0,9430271.0,197683002.348,30622434.0,0.12525153759255672,2.62559792820376,0.0037102255821977134,0.023537596595870864,-0.5291069105070432,True
67,Feathers and artificial flowers,Prepared feathers and down; artificial flowers; articles of human hair,XII,"Footwear, headgear and accessories",False,2023,372110.0,10532676.0,180357629.933,38797215.0,0.2063178586557347,3.5329103449113974,0.0041203230970753004,0.02243342452260523,-0.5729698247255401,True
67,Feathers and artificial flowers,Prepared feathers and down; artificial flowers; articles of human hair,XII,"Footwear, headgear and accessories",False,2024,331902.0,8410999.0,178590373.015,48048082.0,0.1858454038685071,3.9460473125725017,0.0032130258443259724,0.02343568568971485,-0.7020497375789734,True
68,Stone and cement articles,"Articles of stone, plaster, cement, asbestos, mica or similar materials",XIII,"Stone, cement, ceramics and glass",False,2020,73673126.0,1474613029.0,1930868731.125,463771248.0,3.8155429632482134,4.996098946037455,0.8691682988360258,0.3303605785940547,0.5214867830874383,False
68,Stone and cement articles,"Articles of stone, plaster, cement, asbestos, mica or similar materials",XIII,"Stone, cement, ceramics and glass",False,2021,106333521.0,1861239831.0,2400125689.977,520423906.0,4.430331354897458,5.71304778830515,0.826429993533522,0.3312901190093378,0.5629744888709283,False
68,Stone and cement articles,"Articles of stone, plaster, cement, asbestos, mica or similar materials",XIII,"Stone, cement, ceramics and glass",False,2022,100994545.0,2089956052.0,2562750624.912,632905098.0,3.9408651008901017,4.832376494393385,0.8222678234590856,0.30513999518686946,0.5351176111201998,False
68,Stone and cement articles,"Articles of stone, plaster, cement, asbestos, mica or similar materials",XIII,"Stone, cement, ceramics and glass",False,2023,92463772.0,1923621341.0,2624518243.091,625078754.0,3.5230759871229442,4.806755364438431,0.7525097554837216,0.32644547356523973,0.5094921091529995,False
68,Stone and cement articles,"Articles of stone, plaster, cement, asbestos, mica or similar materials",XIII,"Stone, cement, ceramics and glass",False,2024,94656369.0,2030113130.0,2439439912.759,579825770.0,3.880250073179458,4.662615477000536,0.7755090630251523,0.320117742570388,0.555678663588638,False
69,Ceramics,Ceramic products,XIII,"Stone, cement, ceramics and glass",False,2020,76248217.0,1247542535.0,2096749012.302,342184122.0,3.63649709872942,6.111873131443971,0.7353281176464724,0.3587417444307657,0.5695057128302278,False
69,Ceramics,Ceramic products,XIII,"Stone, cement, ceramics and glass",False,2021,106938262.0,1616158507.0,2571830593.88,393000346.0,4.158060109187335,6.6168176906425185,0.7176086833320926,0.3549906019824011,0.6087911661009913,False
69,Ceramics,Ceramic products,XIII,"Stone, cement, ceramics and glass",False,2022,109628988.0,1862148968.0,2701015558.337,585200053.0,4.058806239068758,5.887229748205622,0.732639893268886,0.3216028381610141,0.5217682088017964,False
69,Ceramics,Ceramic products,XIII,"Stone, cement, ceramics and glass",False,2023,103279674.0,1384253980.0,2550333892.827,599205765.0,4.049653039175835,7.4610350045733655,0.5415123038069728,0.31721820093461034,0.39579740248270073,False
69,Ceramics,Ceramic products,XIII,"Stone, cement, ceramics and glass",False,2024,102134899.0,1380074869.0,2364472936.749,614140944.0,4.319563037182781,7.4006781294413955,0.5271925750082459,0.3102801323049613,0.38407775126793664,False
70,Glass and glassware,Glass and glassware,XIII,"Stone, cement, ceramics and glass",False,2020,64531549.0,1052364025.0,3556605159.135,842818102.0,1.814414198726931,6.132055777942428,0.620285750483141,0.6085147681260857,0.11056769690610321,False
70,Glass and glassware,Glass and glassware,XIII,"Stone, cement, ceramics and glass",False,2021,61458851.0,1357375280.0,4366866055.685,1133802366.0,1.4073903393485097,4.527771494409416,0.6027034373481354,0.6027599226687103,0.08974587354658689,False
70,Glass and glassware,Glass and glassware,XIII,"Stone, cement, ceramics and glass",False,2022,61918328.0,1626087692.0,4538031508.742,1395831120.0,1.364431425403755,3.807809892702884,0.6397644514940489,0.5403315091506201,0.07619548582366084,False
70,Glass and glassware,Glass and glassware,XIII,"Stone, cement, ceramics and glass",False,2023,79795336.0,1651137630.0,4923350604.955,1538297162.0,1.620752662215275,4.832748921118101,0.6459156735989193,0.6123811575679405,0.035379456034980133,False
70,Glass and glassware,Glass and glassware,XIII,"Stone, cement, ceramics and glass",False,2024,86330105.0,1573786891.0,4408230394.196,1344962583.0,1.9583845960879143,5.4855015945103585,0.6011911253638744,0.5784740813411491,0.07839806397854618,False
71,Precious stones and metals,"Natural or cultured pearls, precious or semi-precious stones, precious metals; imitation jewellery; coin",XIV,"Pearls, precious stones and metals",False,2020,15434881.0,6693436224.0,9517769290.509,26590853487.0,0.16216910211714702,0.2305972669860759,3.945253745741529,1.6284358014878046,-0.5978020692574424,True
71,Precious stones and metals,"Natural or cultured pearls, precious or semi-precious stones, precious metals; imitation jewellery; coin",XIV,"Pearls, precious stones and metals",False,2021,29557878.0,10964701702.0,11193393347.224,7073920629.0,0.26406539181731203,0.26957302444998155,4.868560303597359,1.545027674844689,0.21569169760340054,False
71,Precious stones and metals,"Natural or cultured pearls, precious or semi-precious stones, precious metals; imitation jewellery; coin",XIV,"Pearls, precious stones and metals",False,2022,40152359.0,10207824916.0,13513633134.68,23457670841.0,0.2971248264610433,0.3933488214229085,4.016144726057016,1.6090328530560674,-0.3935734682369852,True
71,Precious stones and metals,"Natural or cultured pearls, precious or semi-precious stones, precious metals; imitation jewellery; coin",XIV,"Pearls, precious stones and metals",False,2023,33648674.0,13646812069.0,14884602039.592,33912165164.0,0.22606364557478179,0.2465680177162847,5.338555460107827,1.8513915742197666,-0.4261099433597233,True
71,Precious stones and metals,"Natural or cultured pearls, precious or semi-precious stones, precious metals; imitation jewellery; coin",XIV,"Pearls, precious stones and metals",False,2024,52024623.0,13030114069.0,15169413171.301,24872873980.0,0.34295738676579357,0.3992645246580918,4.977541105190056,1.9906201727355795,-0.31244924267421836,True
72,Iron and steel,Iron and steel,XV,Base metals and articles of base metal,False,2020,62730341.0,8803210996.0,9661698197.646,15102954267.0,0.6492682726860975,0.7125847719485923,5.188799892048096,1.6530612129783542,-0.26351960683339815,True
72,Iron and steel,Iron and steel,XV,Base metals and articles of base metal,False,2021,107824259.0,17062504079.0,15281733407.731,27618091981.0,0.7055761026785868,0.631936898011979,7.576113997140039,2.1093425650407047,-0.23624545849444964,False
72,Iron and steel,Iron and steel,XV,Base metals and articles of base metal,False,2022,92689222.0,14670813810.0,17284867944.337,28367021597.0,0.5362448952372098,0.6317933224455529,5.772053497669527,2.058063890442628,-0.3182364460823312,True
72,Iron and steel,Iron and steel,XV,Base metals and articles of base metal,False,2023,53921076.0,8860174429.0,14438561092.828,24160165124.0,0.373451867213998,0.608578041347723,3.4660499709593893,1.7959116595805094,-0.4633504955466137,True
72,Iron and steel,Iron and steel,XV,Base metals and articles of base metal,False,2024,54541072.0,10182170120.0,12673368580.204,23658703959.0,0.4303597078774621,0.535652727829301,3.8896183136965883,1.6630744292729742,-0.398232439491357,True
73,Iron and steel articles,Articles of iron or steel,XV,Base metals and articles of base metal,False,2020,224330186.0,6363349021.0,10747215071.198,2459952393.0,2.0873331790036818,3.525347820144345,3.7506933240873055,1.8387869314798428,0.44239638258378555,False
73,Iron and steel articles,Articles of iron or steel,XV,Base metals and articles of base metal,False,2021,296088366.0,8801101050.0,14739841564.473,2845431717.0,2.0087622021233456,3.3642195938654744,3.9078756873215514,2.034545060063016,0.5113684434800337,False
73,Iron and steel articles,Articles of iron or steel,XV,Base metals and articles of base metal,False,2022,356472847.0,10533234364.0,15216477588.461,3687411122.0,2.3426765158207274,3.3842676872199515,4.144173120856958,1.8117860758549356,0.4814003167957182,False
73,Iron and steel articles,Articles of iron or steel,XV,Base metals and articles of base metal,False,2023,375779336.0,10051285088.0,14464874973.54,3994406691.0,2.5978747599782066,3.7386198153769845,3.9320057033345504,1.7991846592150067,0.4312267770289365,False
73,Iron and steel articles,Articles of iron or steel,XV,Base metals and articles of base metal,False,2024,351998066.0,9811652028.0,13644196654.315,4162159866.0,2.5798372371647105,3.587551464274167,3.7480793353437973,1.7904722347622188,0.4042914134564634,False
74,Copper,Copper and articles thereof,XV,Base metals and articles of base metal,False,2020,68085556.0,1581015286.0,3226884417.992,3211905642.0,2.1099471558503398,4.306445143377317,0.9318840533358482,0.5521014381764122,-0.34027065760096764,True
74,Copper,Copper and articles thereof,XV,Base metals and articles of base metal,False,2021,130369125.0,2599135048.0,4936360420.939,5265609962.0,2.6409968860256163,5.015865762739698,1.1540711331958327,0.6813674126131025,-0.33904149601920786,True
74,Copper,Copper and articles thereof,XV,Base metals and articles of base metal,False,2022,133235333.0,2662907774.0,4898866361.603,5510358522.0,2.719717648235722,5.003377672365457,1.0476887192454984,0.5832951686635471,-0.34838590165519795,True
74,Copper,Copper and articles thereof,XV,Base metals and articles of base metal,False,2023,117711584.0,2497777477.0,4883625586.848,5651899902.0,2.4103318714073176,4.712652951830584,0.9771163785763058,0.6074400403238651,-0.38702420701063683,True
74,Copper,Copper and articles thereof,XV,Base metals and articles of base metal,False,2024,114677428.0,2933620248.0,4964906525.021,6013007932.0,2.309760061384337,3.909075418953135,1.1206513844861912,0.651524417777176,-0.3441953350519145,True
75,Nickel,Nickel and articles thereof,XV,Base metals and articles of base metal,False,2020,3463988.0,107344847.0,1064418420.877,218349323.0,0.32543480383831924,3.2269718545502237,0.06327133710399589,0.18211589411477774,-0.34082426467750404,True
75,Nickel,Nickel and articles thereof,XV,Base metals and articles of base metal,False,2021,4042850.0,141410550.0,1097417206.062,257780346.0,0.3683968118658779,2.858945106995199,0.06278928592414794,0.15147684903229333,-0.291514153168463,True
75,Nickel,Nickel and articles thereof,XV,Base metals and articles of base metal,False,2022,7844535.0,194608433.0,1542946565.606,396049754.0,0.5084126161503862,4.03093271913864,0.0765663241945019,0.18371460064272874,-0.34104550725545096,True
75,Nickel,Nickel and articles thereof,XV,Base metals and articles of base metal,False,2023,7913720.0,196908529.0,1649443516.869,426169438.0,0.4797812061501779,4.018982844567388,0.07702949944058107,0.20516274611574314,-0.36794899056348757,True
75,Nickel,Nickel and articles thereof,XV,Base metals and articles of base metal,False,2024,7611341.0,213151986.0,1630299573.313,479616103.0,0.46686763123740965,3.5708515519062534,0.08142467259684705,0.21393755853251192,-0.3846368232472094,True
76,Aluminium,Aluminium and articles thereof,XV,Base metals and articles of base metal,False,2020,122107840.0,3060896980.0,6156564892.226,3407698280.0,1.9833761543582147,3.9892829062152884,1.8041578154392728,1.053352984157863,-0.05361307765605975,False
76,Aluminium,Aluminium and articles thereof,XV,Base metals and articles of base metal,False,2021,192178873.0,5173338590.0,8610961795.097,6592846942.0,2.231793353321168,3.7147940282022023,2.297072148506164,1.188573819194395,-0.120643036618743,False
76,Aluminium,Aluminium and articles thereof,XV,Base metals and articles of base metal,False,2022,232062535.0,6707740116.0,10090682951.315,7683173891.0,2.2997703536979923,3.459623226106514,2.6390788745219576,1.2014711526222783,-0.0677812246342054,False
76,Aluminium,Aluminium and articles thereof,XV,Base metals and articles of base metal,False,2023,201030557.0,5317293401.0,8969258141.861,6292612468.0,2.241328700996545,3.780693330975362,2.080095012327957,1.11562330700369,-0.08400749136168556,False
76,Aluminium,Aluminium and articles thereof,XV,Base metals and articles of base metal,False,2024,195370999.0,5225378257.0,8656204982.463,6112507351.0,2.257005227993226,3.7388872037785568,1.996109544908994,1.1359184473941815,-0.07824466789240161,False
78,Lead,Lead and articles thereof,XV,Base metals and articles of base metal,False,2020,488455.0,29270674.0,117150269.699,261746517.0,0.41694739692448995,1.6687521442109599,0.017252758131139426,0.02004374003076946,-0.7988388665328022,True
78,Lead,Lead and articles thereof,XV,Base metals and articles of base metal,False,2021,621258.0,40199017.0,167360215.27,356869249.0,0.37121008657746574,1.545455701068511,0.017849216853216988,0.02310078420716292,-0.7975208776820256,True
78,Lead,Lead and articles thereof,XV,Base metals and articles of base metal,False,2022,461335.0,62451547.0,179328879.872,456379533.0,0.2572563885578766,0.7387086824286354,0.024570802612907186,0.02135221937284193,-0.7592605786068175,True
78,Lead,Lead and articles thereof,XV,Base metals and articles of base metal,False,2023,668695.0,70008149.0,177346165.373,385736327.0,0.3770563623936158,0.9551673763007218,0.027386790717590582,0.022058849502217363,-0.6927745581714961,True
78,Lead,Lead and articles thereof,XV,Base metals and articles of base metal,False,2024,1046102.0,59242412.0,149568385.597,306162131.0,0.6994138472675888,1.7657991372802309,0.02263077202080361,0.019627248741313493,-0.6757434293858793,True
79,Zinc,Zinc and articles thereof,XV,Base metals and articles of base metal,False,2020,64805.0,7153486.0,599962936.635,672006215.0,0.010801500566596747,0.9059219518986966,0.004216416873505956,0.10265022147116407,-0.9789343037006843,True
79,Zinc,Zinc and articles thereof,XV,Base metals and articles of base metal,False,2021,304252.0,16523072.0,868620165.541,1038499272.0,0.03502704773271107,1.8413767125144767,0.007336594703530132,0.11989592012522735,-0.9686773041462713,True
79,Zinc,Zinc and articles thereof,XV,Base metals and articles of base metal,False,2022,319900.0,143672521.0,888491670.431,1377683649.0,0.03600483951018012,0.22265914022626498,0.05652620830016848,0.10579037281405344,-0.8111257260684722,True
79,Zinc,Zinc and articles thereof,XV,Base metals and articles of base metal,False,2023,105628.0,122761560.0,721039482.84,863496008.0,0.014649405825039825,0.0860432206954685,0.048023625819401956,0.08968505974556412,-0.7510557809985798,True
79,Zinc,Zinc and articles thereof,XV,Base metals and articles of base metal,False,2024,79675.0,29379612.0,669368376.988,890724642.0,0.011903012263369645,0.271191464339284,0.011223096406535,0.08783847991855502,-0.9361385150165821,True
80,Tin,Tin and articles thereof,XV,Base metals and articles of base metal,False,2020,8846.0,7375018.0,98422656.058,82857196.0,0.008987768014294488,0.11994546996359874,0.0043469925484735895,0.016839552621031893,-0.836532482733938,True
80,Tin,Tin and articles thereof,XV,Base metals and articles of base metal,False,2021,843.0,15305343.0,166439507.226,152537385.0,0.0005064903243526982,0.005507880483305732,0.006795897178775956,0.022973698580462873,-0.8176228046055114,True
80,Tin,Tin and articles thereof,XV,Base metals and articles of base metal,False,2022,1993.0,37820225.0,188579604.81,203640381.0,0.0010568481156846264,0.005269667221704789,0.014879908151046084,0.022453678927906246,-0.6867379269312361,True
80,Tin,Tin and articles thereof,XV,Base metals and articles of base metal,False,2023,1201.0,18926667.0,115310940.519,119908050.0,0.0010415317008034542,0.006345544093949558,0.007404004755368235,0.01434272163436928,-0.7273496513123587,True
80,Tin,Tin and articles thereof,XV,Base metals and articles of base metal,False,2024,921.0,15039242.0,121216162.219,118150900.0,0.0007597996695655476,0.006123978854785367,0.0057450337617532266,0.015906702194072756,-0.7741688420153497,True
81,Other base metals,Other base metals; cermets; articles thereof,XV,Base metals and articles of base metal,False,2020,9406292.0,147510040.0,856807339.606,222073098.0,1.097830464935729,6.376713069835789,0.08694555656746072,0.14659482744378574,-0.20174907979703338,False
81,Other base metals,Other base metals; cermets; articles thereof,XV,Base metals and articles of base metal,False,2021,9041838.0,192299067.0,930157418.241,231705753.0,0.9720761048273763,4.701966650727432,0.08538486768356307,0.1283899268581356,-0.09293924064353797,False
81,Other base metals,Other base metals; cermets; articles thereof,XV,Base metals and articles of base metal,False,2022,11246337.0,291973708.0,1370971539.811,435464303.0,0.820318779305251,3.851832097155816,0.11487350901694396,0.1632379853867477,-0.19725473900208385,False
81,Other base metals,Other base metals; cermets; articles thereof,XV,Base metals and articles of base metal,False,2023,12592939.0,257925108.0,1586760284.348,382475096.0,0.7936257999534214,4.882401367454308,0.10089883898527226,0.19736601710508167,-0.19448773941989564,False
81,Other base metals,Other base metals; cermets; articles thereof,XV,Base metals and articles of base metal,False,2024,10957983.0,211640195.0,1800786457.149,410973170.0,0.6085109623352369,5.177647374592524,0.08084716408041286,0.236309856413674,-0.3201553101899764,True
82,Tools and cutlery,"Tools, implements, cutlery, spoons and forks, of base metal; parts thereof",XV,Base metals and articles of base metal,False,2020,14121188.0,255320823.0,2171522695.317,597740304.0,0.6502896806214858,5.530762369507167,0.1504915262649046,0.37153509324120043,-0.401400872882583,True
82,Tools and cutlery,"Tools, implements, cutlery, spoons and forks, of base metal; parts thereof",XV,Base metals and articles of base metal,False,2021,7360242.0,326076998.0,2678878672.664,670306310.0,0.27475085285145207,2.257209813983874,0.1447851087539778,0.36976648264072287,-0.3454788024208852,True
82,Tools and cutlery,"Tools, implements, cutlery, spoons and forks, of base metal; parts thereof",XV,Base metals and articles of base metal,False,2022,4893852.0,376336415.0,2692245619.352,798219131.0,0.1817758366778551,1.3003928944797967,0.14806499139267315,0.320558624528342,-0.35918498485383676,True
82,Tools and cutlery,"Tools, implements, cutlery, spoons and forks, of base metal; parts thereof",XV,Base metals and articles of base metal,False,2023,3630393.0,420067456.0,2678381053.25,918629677.0,0.1355443056018788,0.8642404804622618,0.1643280056546373,0.3331450919108911,-0.37242346211852234,True
82,Tools and cutlery,"Tools, implements, cutlery, spoons and forks, of base metal; parts thereof",XV,Base metals and articles of base metal,False,2024,3803412.0,393165281.0,2618308562.544,949413056.0,0.1452621762923362,0.9673824683416031,0.15019026978182773,0.34358994538477416,-0.41431308674541795,True
83,Misc. base metal articles,Miscellaneous articles of base metal,XV,Base metals and articles of base metal,False,2020,43362196.0,984536637.0,2808871124.411,666487736.0,1.543758829771613,4.404325280583743,0.580306844639328,0.48058175830311184,0.19263731426453023,False
83,Misc. base metal articles,Miscellaneous articles of base metal,XV,Base metals and articles of base metal,False,2021,54958447.0,1238071027.0,3462809062.269,789555241.0,1.587105901934673,4.439038294367582,0.5497298165427296,0.47797264582285426,0.2212023946811484,False
83,Misc. base metal articles,Miscellaneous articles of base metal,XV,Base metals and articles of base metal,False,2022,52269836.0,1365111550.0,3654630060.106,910026866.0,1.4302360332056139,3.8289791043083623,0.5370865583145567,0.4351472156947873,0.20002505377237673,False
83,Misc. base metal articles,Miscellaneous articles of base metal,XV,Base metals and articles of base metal,False,2023,52271408.0,1395403621.0,3838177763.983,942273882.0,1.3618808511296332,3.745970500100917,0.5458739801118736,0.4774040954332811,0.19383757529363535,False
83,Misc. base metal articles,Miscellaneous articles of base metal,XV,Base metals and articles of base metal,False,2024,60761337.0,1415915166.0,3714285799.292,974128328.0,1.6358821125606986,4.291311969745509,0.5408836716935883,0.4874105646594257,0.18484468550847216,False
84,Machinery,"Nuclear reactors, boilers, machinery and mechanical appliances; parts thereof",XVI,Machinery and electrical equipment,False,2020,798367739.0,16797838608.0,72034626708.313,25271975600.0,1.1083110657778505,4.7528003907584635,9.901003531033819,12.324711967498553,-0.20143034029345813,False
84,Machinery,"Nuclear reactors, boilers, machinery and mechanical appliances; parts thereof",XVI,Machinery and electrical equipment,False,2021,1077641319.0,20774806067.0,85153981049.58,30966640862.0,1.2655207727429145,5.18725092077655,9.224454880909425,11.75383132385229,-0.19697622312312432,False
84,Machinery,"Nuclear reactors, boilers, machinery and mechanical appliances; parts thereof",XVI,Machinery and electrical equipment,False,2022,1020512213.0,22671432298.0,86241733457.028,34574192602.0,1.1833159795060177,4.501313369116191,8.919799663986653,10.26857700323005,-0.2079243667056205,False
84,Machinery,"Nuclear reactors, boilers, machinery and mechanical appliances; parts thereof",XVI,Machinery and electrical equipment,False,2023,998813545.0,25262261707.0,91423811548.199,40967491074.0,1.0925091921740995,3.953777205638067,9.882453461562191,11.37156868105498,-0.2371325379838277,False
84,Machinery,"Nuclear reactors, boilers, machinery and mechanical appliances; parts thereof",XVI,Machinery and electrical equipment,False,2024,859195495.0,25552948192.0,90394689500.289,39557553498.0,0.9504933306920127,3.3624123860157673,9.761299809882113,11.862126134706088,-0.2150898079802524,False
85,Electrical equipment,Electrical machinery and equipment and parts thereof; sound and television recorders and reproducers,XVI,Machinery and electrical equipment,False,2020,539245520.0,9307365260.0,54330258563.094,17139594250.0,0.9925325854537789,5.793750486160677,5.485959143576593,9.295596000257762,-0.29614856055716027,True
85,Electrical equipment,Electrical machinery and equipment and parts thereof; sound and television recorders and reproducers,XVI,Machinery and electrical equipment,False,2021,668923528.0,12010760502.0,64827200428.921,19964150971.0,1.0318562633804202,5.569368633140363,5.3330326155052825,8.948119273430732,-0.24873846721095502,False
85,Electrical equipment,Electrical machinery and equipment and parts thereof; sound and television recorders and reproducers,XVI,Machinery and electrical equipment,False,2022,678601240.0,13704197363.0,67595959604.127,21534628577.0,1.0039079909127715,4.951776612851164,5.391749997395519,8.04847361571257,-0.22221033207328247,False
85,Electrical equipment,Electrical machinery and equipment and parts thereof; sound and television recorders and reproducers,XVI,Machinery and electrical equipment,False,2023,744928740.0,15453920756.0,70714588254.296,27947644328.0,1.0534300748823842,4.820321986643944,6.045486126347966,8.795693194899307,-0.2878634341369827,True
85,Electrical equipment,Electrical machinery and equipment and parts thereof; sound and television recorders and reproducers,XVI,Machinery and electrical equipment,False,2024,734688730.0,16447574250.0,67091687963.55,27223054503.0,1.0950517900207644,4.466851578432607,6.2830207376936285,8.80416836003876,-0.24674433505287618,False
86,Railway equipment,"Railway or tramway locomotives, rolling stock and parts thereof; track fixtures and signalling equipment",XVII,"Vehicles, aircraft and transport equipment",False,2020,12472389.0,145736349.0,952457433.555,442932655.0,1.3094956856441793,8.55818681171984,0.08590010534818308,0.16296001057104914,-0.5048614823959714,True
86,Railway equipment,"Railway or tramway locomotives, rolling stock and parts thereof; track fixtures and signalling equipment",XVII,"Vehicles, aircraft and transport equipment",False,2021,9994402.0,240676398.0,1190891354.388,212817714.0,0.8392370943977614,4.152630703738552,0.10686542955399034,0.1643791157146327,0.06143119229737651,False
86,Railway equipment,"Railway or tramway locomotives, rolling stock and parts thereof; track fixtures and signalling equipment",XVII,"Vehicles, aircraft and transport equipment",False,2022,17174917.0,283480286.0,1091619548.748,153362269.0,1.5733427474524668,6.058593083259412,0.11153187529456196,0.12997627651043697,0.2978602141909,False
86,Railway equipment,"Railway or tramway locomotives, rolling stock and parts thereof; track fixtures and signalling equipment",XVII,"Vehicles, aircraft and transport equipment",False,2023,22463920.0,338284117.0,1269372395.905,227257476.0,1.7696871361366207,6.64054824660893,0.1323348274122192,0.15788835684518532,0.19631914323231747,False
86,Railway equipment,"Railway or tramway locomotives, rolling stock and parts thereof; track fixtures and signalling equipment",XVII,"Vehicles, aircraft and transport equipment",False,2024,22098397.0,433525533.0,1213946911.345,295259561.0,1.8203758989358065,5.09736920155058,0.16560800229606404,0.15930129814943633,0.1897211854884617,False
87,Vehicles,"Vehicles other than railway or tramway rolling stock, and parts and accessories thereof",XVII,"Vehicles, aircraft and transport equipment",False,2020,2807736666.0,22098148345.0,66500600029.938,15291564176.0,4.222122303762644,12.705755351829232,13.025118879815478,11.377871705417295,0.1820443033675926,False
87,Vehicles,"Vehicles other than railway or tramway rolling stock, and parts and accessories thereof",XVII,"Vehicles, aircraft and transport equipment",False,2021,3209473517.0,25022475781.0,76750652716.727,15595858533.0,4.181688889142865,12.826362767176736,11.110510399282628,10.593917218065569,0.23207788815581512,False
87,Vehicles,"Vehicles other than railway or tramway rolling stock, and parts and accessories thereof",XVII,"Vehicles, aircraft and transport equipment",False,2022,3059582159.0,26800785656.0,74204811514.756,17678136203.0,4.1231587231935585,11.416016673059877,10.544443586392026,8.835372278655756,0.2051005076498745,False
87,Vehicles,"Vehicles other than railway or tramway rolling stock, and parts and accessories thereof",XVII,"Vehicles, aircraft and transport equipment",False,2023,4110904986.0,30829182199.0,88339693939.243,32260862251.0,4.653519615799596,13.334460056268846,12.060201175701446,10.98795685589929,-0.022692646113676974,False
87,Vehicles,"Vehicles other than railway or tramway rolling stock, and parts and accessories thereof",XVII,"Vehicles, aircraft and transport equipment",False,2024,4098135059.0,32437400281.0,80341684773.754,31670056969.0,5.1008826495741815,12.633981217663909,12.39118033727023,10.542911358283039,0.011969641987321217,False
88,Aircraft and spacecraft,"Aircraft, spacecraft, and parts thereof",XVII,"Vehicles, aircraft and transport equipment",False,2020,10961707.0,900427765.0,13082323488.709,3767942801.0,0.08379021516675347,1.2173888262985761,0.5307312856583846,2.238310604660524,-0.6142432344347876,True
88,Aircraft and spacecraft,"Aircraft, spacecraft, and parts thereof",XVII,"Vehicles, aircraft and transport equipment",False,2021,31816989.0,1407655998.0,11512745038.928,2832409152.0,0.2763631861247456,2.2602815634789772,0.6250291434497908,1.5891078913067964,-0.3360215241032322,True
88,Aircraft and spacecraft,"Aircraft, spacecraft, and parts thereof",XVII,"Vehicles, aircraft and transport equipment",False,2022,104137871.0,1988094545.0,12822355427.868,3357189246.0,0.8121586676163072,5.238074379405331,0.7821916507687555,1.5267242296266428,-0.2561313401741517,True
88,Aircraft and spacecraft,"Aircraft, spacecraft, and parts thereof",XVII,"Vehicles, aircraft and transport equipment",False,2023,16391175.0,2756905864.0,12947488009.711,4283167184.0,0.12659733677842477,0.5945496802788186,1.0784859334799188,1.6104475043894062,-0.2167962334472641,False
88,Aircraft and spacecraft,"Aircraft, spacecraft, and parts thereof",XVII,"Vehicles, aircraft and transport equipment",False,2024,39633420.0,2407532505.0,13675853585.478,4402841264.0,0.28980582273917876,1.646225748466063,0.919684351361812,1.7946264446230982,-0.2929808005666891,True
89,Ships and boats,"Ships, boats and floating structures",XVII,"Vehicles, aircraft and transport equipment",False,2020,9674866.0,1473600583.0,3924781826.866,710648821.0,0.2465071034974072,0.656546021466931,0.8685715416189272,0.6715076868138192,0.34929699905276934,False
89,Ships and boats,"Ships, boats and floating structures",XVII,"Vehicles, aircraft and transport equipment",False,2021,55075007.0,2057978041.0,6511782306.075,1204889173.0,0.845774695947977,2.6761707803858923,0.9137859349388491,0.8988234008541276,0.26145374973877195,False
89,Ships and boats,"Ships, boats and floating structures",XVII,"Vehicles, aircraft and transport equipment",False,2022,26159262.0,1795431537.0,3662876597.414,1356463366.0,0.7141726264670916,1.456990225520362,0.7063907304108186,0.43612910926258536,0.13927119542665792,False
89,Ships and boats,"Ships, boats and floating structures",XVII,"Vehicles, aircraft and transport equipment",False,2023,9794224.0,2196434982.0,5364435951.857,965285678.0,0.18257695847052746,0.4459145879693515,0.8592329041127602,0.6672446797900335,0.38939218115492846,False
89,Ships and boats,"Ships, boats and floating structures",XVII,"Vehicles, aircraft and transport equipment",False,2024,14430222.0,2447249568.0,6824780491.915,748045939.0,0.21143862454030296,0.5896506097575088,0.9348563838254614,0.8955880869143134,0.5317829369075628,False
90,Optical and medical instruments,"Optical, photographic, cinematographic, measuring, checking, precision, medical or surgical instruments and apparatus",XVIII,"Instruments, clocks and musical instruments",False,2020,38056115.0,1317768903.0,20230311839.598,4753667031.0,0.18811432716281953,2.8879202501563355,0.7767210333522191,3.4612904630620847,-0.5659119465889435,True
90,Optical and medical instruments,"Optical, photographic, cinematographic, measuring, checking, precision, medical or surgical instruments and apparatus",XVIII,"Instruments, clocks and musical instruments",False,2021,53796693.0,1420803972.0,23446775381.449,4882592425.0,0.22944175531516262,3.7863557577385487,0.6308671229980584,3.236365928227653,-0.5491941542257412,True
90,Optical and medical instruments,"Optical, photographic, cinematographic, measuring, checking, precision, medical or surgical instruments and apparatus",XVIII,"Instruments, clocks and musical instruments",False,2022,54668566.0,1601361256.0,22786022099.04,5243799614.0,0.2399214999545851,3.413880896341606,0.6300361355841695,2.7130718869174864,-0.5321187371890064,True
90,Optical and medical instruments,"Optical, photographic, cinematographic, measuring, checking, precision, medical or surgical instruments and apparatus",XVIII,"Instruments, clocks and musical instruments",False,2023,53987355.0,1922197859.0,23669082220.671,6452462252.0,0.22809230411499032,2.808626320502004,0.7519528974010395,2.944031642653601,-0.5409490454483712,True
90,Optical and medical instruments,"Optical, photographic, cinematographic, measuring, checking, precision, medical or surgical instruments and apparatus",XVIII,"Instruments, clocks and musical instruments",False,2024,56203362.0,1967354109.0,23511732140.144,6788671620.0,0.23904390227395544,2.856799482253248,0.7515349362374073,3.085348639766273,-0.5506285225992168,True
91,Clocks and watches,Clocks and watches and parts thereof,XVIII,"Instruments, clocks and musical instruments",False,2020,732601.0,34635268.0,2296441246.411,221679744.0,0.03190157819822074,2.1151879061539236,0.020414763992492733,0.3929079417167674,-0.7297445223380049,True
91,Clocks and watches,Clocks and watches and parts thereof,XVIII,"Instruments, clocks and musical instruments",False,2021,1171893.0,50928563.0,2834257280.631,299620083.0,0.04134744604904385,2.3010525547324003,0.022613363033472264,0.3912134417478461,-0.7094351178866056,True
91,Clocks and watches,Clocks and watches and parts thereof,XVIII,"Instruments, clocks and musical instruments",False,2022,1246900.0,41181880.0,3301921331.789,383828409.0,0.03776286212501684,3.0277879494573825,0.016202510479178846,0.393151112517674,-0.8062076092468434,True
91,Clocks and watches,Clocks and watches and parts thereof,XVIII,"Instruments, clocks and musical instruments",False,2023,1502704.0,47288304.0,3689105883.069,463243279.0,0.04073355570780981,3.177749830063688,0.018498916248132793,0.4588620864804615,-0.814748761586411,True
91,Clocks and watches,Clocks and watches and parts thereof,XVIII,"Instruments, clocks and musical instruments",False,2024,2032504.0,66600526.0,3740185337.724,540053134.0,0.05434233377420894,3.0517837051316983,0.025441592762489203,0.49080925537244674,-0.7804331189562097,True
92,Musical instruments,Musical instruments; parts and accessories of such articles,XVIII,"Instruments, clocks and musical instruments",False,2020,182463.0,10858219.0,451038206.379,33735938.0,0.040454000884944843,1.680413703204918,0.0064000653398668785,0.0771700532643536,-0.5130205511004502,True
92,Musical instruments,Musical instruments; parts and accessories of such articles,XVIII,"Instruments, clocks and musical instruments",False,2021,348059.0,14876521.0,536327297.313,33118857.0,0.06489675273732583,2.339653202519594,0.006605491108164074,0.07402942891565105,-0.3800852657103774,True
92,Musical instruments,Musical instruments; parts and accessories of such articles,XVIII,"Instruments, clocks and musical instruments",False,2022,349532.0,16481848.0,487864114.884,42709170.0,0.07164535970904698,2.120708794305105,0.006484582902388935,0.05808870056276423,-0.4430963157281735,True
92,Musical instruments,Musical instruments; parts and accessories of such articles,XVIII,"Instruments, clocks and musical instruments",False,2023,386918.0,18240573.0,345532648.999,55150243.0,0.11197726209690817,2.1211943287088624,0.007135608674926306,0.04297839023663409,-0.502919466108675,True
92,Musical instruments,Musical instruments; parts and accessories of such articles,XVIII,"Instruments, clocks and musical instruments",False,2024,446369.0,18980420.0,321915504.776,56686925.0,0.1386602985496455,2.3517340501421993,0.007250575109587052,0.04224365771352402,-0.4983193873129816,True
93,Arms and ammunition,Arms and ammunition; parts and accessories thereof,XIX,Arms and ammunition,False,2020,11558800.0,652615610.0,190123157.119,293146085.0,6.079638154107251,1.771149789077218,0.38466552809600546,0.03252898303105572,0.3800846734440857,False
93,Arms and ammunition,Arms and ammunition; parts and accessories thereof,XIX,Arms and ammunition,False,2021,13742147.0,1085023472.0,248587218.818,199132031.0,5.52809877569013,1.2665299281193798,0.4817734533796787,0.03431257356659713,0.6898630570288495,False
93,Arms and ammunition,Arms and ammunition; parts and accessories thereof,XIX,Arms and ammunition,False,2022,16861911.0,1137427209.0,253349777.966,185886274.0,6.655585465823025,1.482460667951192,0.4475069198668358,0.030165693562866365,0.7190593515625806,False
93,Arms and ammunition,Arms and ammunition; parts and accessories thereof,XIX,Arms and ammunition,False,2023,24610449.0,1707882542.0,249334892.705,230439503.0,9.870439204479013,1.4409918946287819,0.6681139612472914,0.031013023948182086,0.7622278469210724,False
93,Arms and ammunition,Arms and ammunition; parts and accessories thereof,XIX,Arms and ammunition,False,2024,29630836.0,2616882512.0,268149456.868,422240255.0,11.050119715359392,1.13229523542324,0.9996566570297621,0.03518815870605957,0.7221301754671762,False
94,Furniture and lighting,"Furniture; bedding, mattresses, cushions; lamps and lighting fittings; illuminated signs; prefabricated buildings",XX,Miscellaneous manufactured articles,False,2020,177123023.0,3897048972.0,10877414834.76,720772117.0,1.6283558703119743,4.545055098681475,2.2970035927126773,1.8610633651543838,0.6878302112150105,False
94,Furniture and lighting,"Furniture; bedding, mattresses, cushions; lamps and lighting fittings; illuminated signs; prefabricated buildings",XX,Miscellaneous manufactured articles,False,2021,232933646.0,4787209841.0,14182296140.932,796881148.0,1.6424254837531027,4.865749648261554,2.1256227875886475,1.9575868863767956,0.7145887667053556,False
94,Furniture and lighting,"Furniture; bedding, mattresses, cushions; lamps and lighting fittings; illuminated signs; prefabricated buildings",XX,Miscellaneous manufactured articles,False,2022,237241690.0,5259823516.0,13978432485.522,906201845.0,1.6971980960363071,4.510449623990768,2.069413675058577,1.6643752926598654,0.7060661311152853,False
94,Furniture and lighting,"Furniture; bedding, mattresses, cushions; lamps and lighting fittings; illuminated signs; prefabricated buildings",XX,Miscellaneous manufactured articles,False,2023,249895544.0,5148557607.0,12795807033.761,1070826764.0,1.9529486756143244,4.8537000666019745,2.0140865269894217,1.591580968347912,0.6556486301142297,False
94,Furniture and lighting,"Furniture; bedding, mattresses, cushions; lamps and lighting fittings; illuminated signs; prefabricated buildings",XX,Miscellaneous manufactured articles,False,2024,265908763.0,5071839033.0,12593107828.567,1126779308.0,2.1115420166322707,5.24284704758689,1.9374571190996752,1.6525421384398788,0.6364417855679042,False
95,Toys and sports equipment,"Toys, games and sports requisites; parts and accessories thereof",XX,Miscellaneous manufactured articles,False,2020,12475212.0,128870294.0,5320743101.844,280992638.0,0.23446371608650848,9.680440396915676,0.07595889362406989,0.9103486639671082,-0.3711541886886224,True
95,Toys and sports equipment,"Toys, games and sports requisites; parts and accessories thereof",XX,Miscellaneous manufactured articles,False,2021,12565123.0,183314056.0,6932874771.075,330404685.0,0.18123972255237597,6.854424191017845,0.0813953320745819,0.9569469288953287,-0.28632521506549435,True
95,Toys and sports equipment,"Toys, games and sports requisites; parts and accessories thereof",XX,Miscellaneous manufactured articles,False,2022,12454944.0,240706688.0,6546370867.607,354834933.0,0.19025723186002222,5.174324030414976,0.09470312270174243,0.779459209029226,-0.19163773105960633,False
95,Toys and sports equipment,"Toys, games and sports requisites; parts and accessories thereof",XX,Miscellaneous manufactured articles,False,2023,21232340.0,253222182.0,6449818071.473,448982062.0,0.3291928510962014,8.384865746082228,0.09905908101477776,0.8022477726319388,-0.2787791182874138,True
95,Toys and sports equipment,"Toys, games and sports requisites; parts and accessories thereof",XX,Miscellaneous manufactured articles,False,2024,16560997.0,270857900.0,5912257719.331,638393918.0,0.2801129075590087,6.114275049758564,0.10346849795605252,0.7758414481568615,-0.4042180732818727,True
96,Misc. manufactured articles,Miscellaneous manufactured articles,XX,Miscellaneous manufactured articles,False,2020,5862824.0,902163052.0,2261006388.763,424286418.0,0.2593015229473792,0.649863013897847,0.5317541007428309,0.3868452405676475,0.360267499673395,False
96,Misc. manufactured articles,Miscellaneous manufactured articles,XX,Miscellaneous manufactured articles,False,2021,8230268.0,954170215.0,2633363548.24,437278837.0,0.3125382367163346,0.8625576307682168,0.4236718296473687,0.3634840154140601,0.37147704204982995,False
96,Misc. manufactured articles,Miscellaneous manufactured articles,XX,Miscellaneous manufactured articles,False,2022,7589613.0,1147872777.0,2722741455.304,564006189.0,0.2787489419979689,0.6611893889352165,0.45161660172159745,0.3241896837290133,0.3410676803654354,False
96,Misc. manufactured articles,Miscellaneous manufactured articles,XX,Miscellaneous manufactured articles,False,2023,7237289.0,1256244596.0,2788157800.524,643611295.0,0.25957243161200705,0.5761050851915466,0.49143575901079933,0.34679945394272327,0.32246303727675735,False
96,Misc. manufactured articles,Miscellaneous manufactured articles,XX,Miscellaneous manufactured articles,False,2024,6336443.0,1108604220.0,2645406514.786,663808092.0,0.23952624916373533,0.5715694461274917,0.4234900051692833,0.3471458990504573,0.25095522356087085,False
97,Works of art and antiques,"Works of art, collectors' pieces and antiques",XXI,Works of art and antiques,False,2020,1260755.0,10947553.0,801535880.403,7507184.0,0.15729239711216814,11.516317847467832,0.00645272070048096,0.13713819740586386,0.18642200102878737,False
97,Works of art and antiques,"Works of art, collectors' pieces and antiques",XXI,Works of art and antiques,False,2021,504810.0,11793081.0,1345346452.453,15567096.0,0.037522676711234396,4.28056077966394,0.005236378295930795,0.18569860245369726,-0.13793825237314802,False
97,Works of art and antiques,"Works of art, collectors' pieces and antiques",XXI,Works of art and antiques,False,2022,1136368.0,16666027.0,1246208025.712,18225858.0,0.09118606015642977,6.818469692866811,0.006557045892848446,0.1483827209994946,-0.04470469279604699,False
97,Works of art and antiques,"Works of art, collectors' pieces and antiques",XXI,Works of art and antiques,False,2023,850702.0,13720469.0,1515705496.147,37506140.0,0.05612581086250116,6.200239948065915,0.0053673696336434965,0.18852800881749784,-0.4643225750117483,True
97,Works of art and antiques,"Works of art, collectors' pieces and antiques",XXI,Works of art and antiques,False,2024,423276.0,14490665.0,1844284525.554,31730858.0,0.022950688689038,2.921025363570271,0.005535475767678705,0.24201793038227293,-0.3729905870907802,True
99,Not classified,Commodities not elsewhere specified,NC,Not classified,True,2020,159065.0,394621561.0,320215493.756,197661485.0,0.04967436089185785,0.04030823850499137,0.23259834554085373,0.05478703657414228,0.33254383580650393,False
99,Not classified,Commodities not elsewhere specified,NC,Not classified,True,2021,844175.0,403127637.0,455362317.802,148683142.0,0.18538534415293076,0.20940638212805043,0.17899722802520124,0.06285380681810797,0.46110823616223706,False
99,Not classified,Commodities not elsewhere specified,NC,Not classified,True,2022,1365277.0,468176183.0,373792503.994,46748285.0,0.36524996767241613,0.29161607308845094,0.18419823260034393,0.044506493047302885,0.8184266318453525,False
99,Not classified,Commodities not elsewhere specified,NC,Not classified,True,2023,1526027.0,432327735.0,289971089.821,0.0,0.5262686707637031,0.3529792045379647,0.1691241572442511,0.03606747637820205,1.0,False
99,Not classified,Commodities not elsewhere specified,NC,Not classified,True,2024,1231157.0,432965566.0,285370667.929,0.0,0.4314238071259345,0.28435448374663586,0.16539409328918273,0.03744802794093674,1.0,False
